{
  "artifact_payload": {
    "e": {
      "entanglement": [
        -0.0,
        -0.0,
        1.6017132519074586e-16,
        -0.0,
        3.2034265038149176e-16,
        -0.0,
        -3.2034265038149176e-16,
        1.6017132519074586e-16,
        -3.2034265038149176e-16,
        -0.0,
        -3.2034265038149176e-16,
        -0.0,
        -0.0,
        -3.2034265038149176e-16,
        -3.2034265038149176e-16,
        -3.2034265038149176e-16,
        -3.2034265038149176e-16,
        1.6017132519074586e-16,
        3.2034265038149176e-16,
        -0.0
      ],
      "fidelity": [
        1.0,
        0.9999758560254403,
        0.9996159442775024,
        0.998075519643078,
        0.9940104147910185,
        0.9856871735489915,
        0.9711587085126027,
        0.9485101355104765,
        0.9161601967260383,
        0.8731773942334545,
        0.8167398276803248,
        0.7530882453863545,
        0.6820118220496875,
        0.6063882315904924,
        0.5294789842374518,
        0.45448415317190716,
        0.384144440914015,
        0.32047281939671857,
        0.26465151308762064,
        0.21428183899890316
      ],
      "p_mean": [
        0.0,
        0.006935450265559231,
        0.02750179561400697,
        0.06098659007484975,
        0.10622800680367026,
        0.16165260393626146,
        0.22532700710111303,
        0.2950222460782095,
        0.36828906319567517,
        0.44254202838204876,
        0.518521946369414,
        0.5866373300454919,
        0.6479703002960028,
        0.7003221981086828,
        0.7418110398955273,
        0.7709423493579038,
        0.7866658587049863,
        0.7884155162504712,
        0.7761309682196498,
        0.7486677095684802
      ],
      "times_ns": [
        0.0,
        10.500000000000002,
        21.000000000000004,
        31.500000000000004,
        42.00000000000001,
        52.5,
        63.00000000000001,
        73.5,
        84.00000000000001,
        94.5,
        105.50000000000001,
        116.0,
        126.5,
        137.0,
        147.50000000000003,
        158.0,
        168.5,
        179.0,
        189.50000000000003,
        200.5
      ],
      "x_mean": [
        0.0,
        0.07381254433864008,
        0.14504064571601133,
        0.21118730325886884,
        0.26992785807032665,
        0.31918990335762365,
        0.35722564910058313,
        0.38267435572208486,
        0.3946125829988699,
        0.3925901196351339,
        0.3755508998012276,
        0.34561637679643975,
        0.3033821431223769,
        0.25033471488633974,
        0.18835437406828334,
        0.11964829895527747,
        0.04667056600074882,
        -0.02796787981139291,
        -0.10159564265187576,
        -0.1805116151970543
      ]
    },
    "g": {
      "entanglement": [
        -0.0,
        -3.2034265038149176e-16,
        1.6017132519074586e-16,
        -0.0,
        3.2034265038149176e-16,
        -0.0,
        -0.0,
        -3.2034265038149176e-16,
        -0.0,
        -0.0,
        -0.0,
        -0.0,
        4.805139755722375e-16,
        -6.406853007629837e-16,
        -3.2034265038149176e-16,
        -3.2034265038149176e-16,
        -3.2034265038149176e-16,
        -3.2034265038149176e-16,
        -3.2034265038149176e-16,
        -3.2034265038149176e-16
      ],
      "fidelity": [
        1.0,
        0.9999999999985556,
        0.9999999999066922,
        0.9999999989208608,
        0.9999999938085509,
        0.9999999757532655,
        0.9999999253077746,
        0.9999998048247825,
        0.9999995475571161,
        0.9999990424361039,
        0.9999980544287228,
        0.9999963910335724,
        0.9999936150334426,
        0.9999891452413601,
        0.9999821651390262,
        0.9999715503650604,
        0.9999557800165604,
        0.9999328294240848,
        0.9999000419169325,
        0.9998483096937144
      ],
      "p_mean": [
        0.0,
        9.431450019630192e-08,
        1.51169488977509e-06,
        7.654255811191105e-06,
        2.4192413004482208e-05,
        5.90649031789789e-05,
        0.00012247802452819138,
        0.00022690582520147213,
        0.00038709022518752605,
        0.0006200405287380609,
        0.000963163094398175,
        0.0014077263234894134,
        0.001990874191268505,
        0.002738787820067225,
        0.003679911374807929,
        0.004844951381710326,
        0.00626687345391383,
        0.007980898562191793,
        0.010024501921494898,
        0.012561216713003384
      ],
      "times_ns": [
        0.0,
        10.500000000000002,
        21.000000000000004,
        31.500000000000004,
        42.00000000000001,
        52.5,
        63.00000000000001,
        73.5,
        84.00000000000001,
        94.5,
        105.50000000000001,
        116.0,
        126.5,
        137.0,
        147.50000000000003,
        158.0,
        168.5,
        179.0,
        189.50000000000003,
        200.5
      ],
      "x_mean": [
        0.0,
        0.07424621312290146,
        0.14849243129087533,
        0.22273864117532313,
        0.2969848233474289,
        0.37123093433324145,
        0.44547691983352167,
        0.519722677315191,
        0.5939680640589919,
        0.6682128742813469,
        0.745992221967272,
        0.8202348740566883,
        0.8944757850314248,
        0.968714318922505,
        1.0429496794228437,
        1.117180860690168,
        1.191406617619413,
        1.2656254323357214,
        1.339835448896889,
        1.4118540424657104
      ]
    }
  },
  "date_created": "2026-04-01T13:43:50Z",
  "description": "displacement trajectory",
  "load_instructions": "Use common.load_json(Path('displacement_trajectory.json')) to load the payload.",
  "study_name": "waveform_level_gate_realization_dispersive_cqed"
}