{
  "artifact_payload": {
    "alpha_values": [
      0.1,
      0.2,
      0.3,
      0.4,
      0.5,
      0.6,
      0.7,
      0.7999999999999999,
      0.8999999999999999,
      0.9999999999999999,
      1.0999999999999999,
      1.2,
      1.3,
      1.4,
      1.5,
      1.5999999999999999,
      1.7,
      1.8,
      1.9,
      2.0
    ],
    "chi_T_cycles": [
      0.0568,
      0.14200000000000002,
      0.28400000000000003,
      0.5680000000000001,
      1.4200000000000004
    ],
    "duration_ns": [
      20.0,
      50.00000000000001,
      100.00000000000001,
      200.00000000000003,
      500.00000000000006
    ],
    "fidelity_e": [
      [
        0.999642495296765,
        0.9985699173399719,
        0.9967809182255295,
        0.9942745023648195,
        0.9910483697787881,
        0.9870999420326163,
        0.9824258440582309,
        0.9770227894508361,
        0.9708882420366888,
        0.9640171488916938,
        0.9564059881748235,
        0.948050832285597,
        0.9389485083512937,
        0.9290958588150894,
        0.918490414239463,
        0.9071312336662629,
        0.8950163959056227,
        0.8821478760112502,
        0.8685273504461319,
        0.85415918410659
      ],
      [
        0.9980064834890248,
        0.9920439459769506,
        0.9821714738289192,
        0.968482240208993,
        0.9511083044190736,
        0.9302124076626308,
        0.9060017419199056,
        0.8787015201003471,
        0.8485698276019514,
        0.8158961953771916,
        0.7809862575563857,
        0.7441686377095723,
        0.7057838182538019,
        0.6661826409139749,
        0.6257203709222472,
        0.5847606775025427,
        0.5436522075253779,
        0.5027410972500637,
        0.46235829436048637,
        0.42281531801107136
      ],
      [
        0.9932127818183154,
        0.9731135208604056,
        0.9405185648653618,
        0.896660024087621,
        0.8431981696552338,
        0.7820844070539325,
        0.7154205705508357,
        0.6454152650207918,
        0.5741566014949,
        0.5036122475788885,
        0.43552213938158263,
        0.3712478240008998,
        0.31193433751050637,
        0.2582946133887411,
        0.21075328625678938,
        0.16941979503823654,
        0.13416081133306013,
        0.10463285305084549,
        0.08035851981230754,
        0.060762891708131025
      ],
      [
        0.9846672737672041,
        0.9400720837094058,
        0.8702033249047743,
        0.7810556933038204,
        0.6797763246300697,
        0.573700034931987,
        0.4695408446365126,
        0.37269119319936034,
        0.28692888669462596,
        0.214281838978984,
        0.15524236852433348,
        0.10912025550639654,
        0.07442702318039027,
        0.0492641139401191,
        0.03165268912823919,
        0.019742068667748695,
        0.011955333981885235,
        0.007030703077864565,
        0.004015820100627774,
        0.0022282597599169625
      ],
      [
        0.9906037141303176,
        0.9629385323492796,
        0.9185300697104393,
        0.8597666238497444,
        0.7896833027861715,
        0.7117103632962191,
        0.6294111005888438,
        0.5461405246309091,
        0.46497676134529436,
        0.38842502854011574,
        0.3183278378307619,
        0.255952068860634,
        0.2019059623160918,
        0.15623307844340384,
        0.11859448774516561,
        0.08830814570034917,
        0.06449773402170546,
        0.04620256470516228,
        0.032463553528087434,
        0.022369409355553642
      ]
    ],
    "fidelity_g": [
      [
        0.9999975750842675,
        0.999990395208209,
        0.9999782308272963,
        0.9999615526610279,
        0.9999395330028468,
        0.9999133756054269,
        0.9998819044302487,
        0.9998446633716855,
        0.9998033993047881,
        0.9997567473126125,
        0.9997048655187399,
        0.9996478509002669,
        0.9995850490309521,
        0.9995160279726226,
        0.9994414106462103,
        0.9993600661166604,
        0.9992718052364675,
        0.9991759894561183,
        0.9990716489100916,
        0.9989585769986082
      ],
      [
        0.999999612456292,
        0.9999984443173624,
        0.9999964780834846,
        0.9999939118257773,
        0.9999899407204517,
        0.999985133233035,
        0.999979398244389,
        0.9999718069984891,
        0.9999626488775558,
        0.9999516236547555,
        0.9999370783370681,
        0.9999191471629568,
        0.999895657573898,
        0.9998665022617241,
        0.9998286739447942,
        0.9997811712108037,
        0.9997212981734577,
        0.9996445514902743,
        0.9995491588059996,
        0.9994297146931618
      ],
      [
        0.9999998995597285,
        0.9999995831560254,
        0.9999989665644194,
        0.9999979089571192,
        0.9999961458924326,
        0.9999932883886635,
        0.9999885206759758,
        0.999981224646243,
        0.9999695883874936,
        0.9999521512435247,
        0.9999261012181738,
        0.9998883681517456,
        0.9998351783520366,
        0.999759490352464,
        0.9996564107590613,
        0.9995172825808578,
        0.9993323650420354,
        0.999090536173819,
        0.9987775062149343,
        0.9983768977064806
      ],
      [
        0.9999999697260762,
        0.9999997877669319,
        0.999999133660805,
        0.9999973963019442,
        0.999993780397219,
        0.9999863438526349,
        0.9999726527334097,
        0.9999490057246319,
        0.9999096123024782,
        0.9998483096937528,
        0.9997541766140098,
        0.99961481102726,
        0.9994137485199386,
        0.9991306019420988,
        0.9987395768068913,
        0.9982105892579675,
        0.9975044336207322,
        0.9965784442652469,
        0.9953799900964074,
        0.9938486409136664
      ],
      [
        0.9999999527459157,
        0.9999992596018277,
        0.9999961057114233,
        0.9999868630422103,
        0.9999652404378806,
        0.9999210593628778,
        0.9998387577692727,
        0.9996951570513523,
        0.9994582494973453,
        0.9990832106563781,
        0.9985110744980689,
        0.9976651375528899,
        0.9964485560143406,
        0.9947409153283132,
        0.9923963276362633,
        0.9892378116466625,
        0.9850640978634919,
        0.979639459221613,
        0.9726998145352032,
        0.9639554166057889
      ]
    ],
    "thresholds": {
      "fid_99": {
        "chi_T_threshold_cycles": 0.0568,
        "description": "Fidelity > 0.99"
      },
      "fid_999": {
        "chi_T_threshold_cycles": 0.0568,
        "description": "Fidelity > 0.999"
      }
    }
  },
  "date_created": "2026-04-01T13:44:03Z",
  "description": "displacement regime map",
  "load_instructions": "Use common.load_json(Path('displacement_regime_map.json')) to load the payload.",
  "study_name": "waveform_level_gate_realization_dispersive_cqed"
}