{
  "artifact_payload": {
    "chi_chiprime": {
      "entanglement": {
        "e": -0.0,
        "g": 3.2034265038149176e-16
      },
      "fidelity": {
        "e": 0.5046088406611964,
        "g": 0.9999903282186637
      }
    },
    "chi_kerr": {
      "entanglement": {
        "e": -6.406853007629837e-16,
        "g": 3.2034265038149176e-16
      },
      "fidelity": {
        "e": 0.5051148438565544,
        "g": 0.9999521512435335
      }
    },
    "chi_only": {
      "entanglement": {
        "e": -0.0,
        "g": 3.2034265038149176e-16
      },
      "fidelity": {
        "e": 0.5061400994766911,
        "g": 0.9999903282186637
      }
    },
    "full": {
      "entanglement": {
        "e": 4.805139755722375e-16,
        "g": 3.2034265038149176e-16
      },
      "fidelity": {
        "e": 0.5036122475255647,
        "g": 0.9999521512435335
      }
    },
    "ideal": {
      "entanglement": {
        "e": 3.2034265038149176e-16,
        "g": 3.2034265038149176e-16
      },
      "fidelity": {
        "e": 0.9999903282186637,
        "g": 0.9999903282186637
      }
    }
  },
  "date_created": "2026-04-01T13:43:50Z",
  "description": "displacement ablation",
  "load_instructions": "Use common.load_json(Path('displacement_ablation.json')) to load the payload.",
  "study_name": "waveform_level_gate_realization_dispersive_cqed"
}