{
  "artifact_payload": {
    "100ns": {
      "bare_error_estimate": 3.184171250297054,
      "chi_T_rad": 1.7844246272390027,
      "echo_error_estimate": 0.158421039862786,
      "improvement_factor": 20.09942147239392
    },
    "10ns": {
      "bare_error_estimate": 0.031841712502970534,
      "chi_T_rad": 0.17844246272390027,
      "echo_error_estimate": 1.5842103986278598e-05,
      "improvement_factor": 2009.942147239392
    },
    "200ns": {
      "bare_error_estimate": 12.736685001188215,
      "chi_T_rad": 3.5688492544780055,
      "echo_error_estimate": 2.534736637804576,
      "improvement_factor": 5.02485536809848
    },
    "20ns": {
      "bare_error_estimate": 0.12736685001188214,
      "chi_T_rad": 0.35688492544780054,
      "echo_error_estimate": 0.00025347366378045756,
      "improvement_factor": 502.485536809848
    },
    "50ns": {
      "bare_error_estimate": 0.7960428125742635,
      "chi_T_rad": 0.8922123136195014,
      "echo_error_estimate": 0.009901314991424125,
      "improvement_factor": 80.39768588957568
    }
  },
  "date_created": "2026-04-01T22:05:29Z",
  "description": "Analytic toggling-frame estimate for echo displacement error scaling",
  "load_instructions": "Use common.load_json(Path('echo_analytic_estimate.json')) to load the payload.",
  "study_name": "waveform_level_gate_realization_dispersive_cqed"
}