{
  "artifact_payload": {
    "durations": [
      "20ns",
      "30ns",
      "40ns",
      "60ns",
      "80ns",
      "100ns"
    ],
    "pulse": "X_pi",
    "regimes": {
      "100ns": {
        "fidelities": {
          "0": 0.9998017402686957,
          "1": 0.8454278685299541,
          "2": 0.4807553220059261,
          "3": 0.16077724676857938,
          "4": 0.020014299157976537,
          "5": 0.00017639458291176637
        },
        "max_fock_99": 0,
        "max_fock_999": 0,
        "max_fock_9999": -1
      },
      "20ns": {
        "fidelities": {
          "0": 0.9950187052320623,
          "1": 0.9995985089554829,
          "2": 0.9896259234706132,
          "3": 0.9648966238410254,
          "4": 0.9258120541867824,
          "5": 0.8733952051890634
        },
        "max_fock_99": 1,
        "max_fock_999": 1,
        "max_fock_9999": -1
      },
      "30ns": {
        "fidelities": {
          "0": 0.9977883793564796,
          "1": 0.9935662190751496,
          "2": 0.9573282513117793,
          "3": 0.890850138089535,
          "4": 0.7986565730541294,
          "5": 0.6876324986674492
        },
        "max_fock_99": 1,
        "max_fock_999": -1,
        "max_fock_9999": -1
      },
      "40ns": {
        "fidelities": {
          "0": 0.9987593702297107,
          "1": 0.9822355936248368,
          "2": 0.9107747960094652,
          "3": 0.7928217844989272,
          "4": 0.6438390681499833,
          "5": 0.48337031631139554
        },
        "max_fock_99": 0,
        "max_fock_999": -1,
        "max_fock_9999": -1
      },
      "60ns": {
        "fidelities": {
          "0": 0.9994492375414916,
          "1": 0.9484923374995387,
          "2": 0.786656104544862,
          "3": 0.5607487912044627,
          "4": 0.3334050161159051,
          "5": 0.15637085035761542
        },
        "max_fock_99": 0,
        "max_fock_999": 0,
        "max_fock_9999": -1
      },
      "80ns": {
        "fidelities": {
          "0": 0.9996902652483751,
          "1": 0.9022305350905707,
          "2": 0.6369313068223679,
          "3": 0.3343981117027524,
          "4": 0.11622051901558722,
          "5": 0.01892689468423655
        },
        "max_fock_99": 0,
        "max_fock_999": 0,
        "max_fock_9999": -1
      }
    }
  },
  "date_created": "2026-04-01T13:44:03Z",
  "description": "qubit rotation regime map",
  "load_instructions": "Use common.load_json(Path('qubit_rotation_regime_map.json')) to load the payload.",
  "study_name": "waveform_level_gate_realization_dispersive_cqed"
}