{
  "artifact_payload": {
    "alpha_0.0": {
      "entanglement_entropy": -1.5464133145919767e-15,
      "mean_photon": 0.0,
      "qubit_purity": 1.0000000000000007,
      "state_fidelity": 0.9986737288245621
    },
    "alpha_0.5": {
      "entanglement_entropy": 0.06021114829511131,
      "mean_photon": 0.25,
      "qubit_purity": 0.9860873217420182,
      "state_fidelity": 0.9605276606104002
    },
    "alpha_1.0": {
      "entanglement_entropy": 0.18572345682406977,
      "mean_photon": 1.0,
      "qubit_purity": 0.9450276711453183,
      "state_fidelity": 0.8365965153003532
    },
    "alpha_1.5": {
      "entanglement_entropy": 0.3578565685052943,
      "mean_photon": 2.25,
      "qubit_purity": 0.8735036264398763,
      "state_fidelity": 0.6211326134398116
    },
    "alpha_2.0": {
      "entanglement_entropy": 0.5402706636029052,
      "mean_photon": 4.0,
      "qubit_purity": 0.7830079460266408,
      "state_fidelity": 0.3588345672460487
    }
  },
  "date_created": "2026-04-01T13:43:57Z",
  "description": "qubit rotation entanglement vs alpha",
  "load_instructions": "Use common.load_json(Path('qubit_rotation_entanglement_vs_alpha.json')) to load the payload.",
  "study_name": "waveform_level_gate_realization_dispersive_cqed"
}