{
  "artifact_payload": {
    "echo_sweep": [
      {
        "alpha_e": {
          "imag": 0.16228535693350812,
          "real": 0.4859673895221756
        },
        "alpha_g": {
          "imag": 0.20176366336009963,
          "real": 0.47118128880604765
        },
        "alpha_target": 0.5,
        "delta_alpha": 0.042156440228028454,
        "duration_ns": 60.0,
        "e_fidelity": 0.9716462531147201,
        "g_fidelity": 0.9576980333411238,
        "pi_amp_scale": 1.0,
        "pi_duration_ns": 20.0,
        "plus_x_branch_overlap": 0.9968531224375687,
        "plus_x_entanglement_bits": 0.010423452562391147,
        "plus_x_fidelity": 0.9688483127754636,
        "plus_y_branch_overlap": 0.9972605904719685,
        "plus_y_entanglement_bits": 0.009281628954160076,
        "plus_y_fidelity": 0.9570487453703278,
        "total_duration_ns": 60.00000000000001
      },
      {
        "alpha_e": {
          "imag": 0.3328624083119751,
          "real": 0.967360196004005
        },
        "alpha_g": {
          "imag": 0.4065610983861012,
          "real": 0.9396720763859928
        },
        "alpha_target": 1.0,
        "delta_alpha": 0.0787281962617171,
        "duration_ns": 60.0,
        "e_fidelity": 0.8845192020893513,
        "g_fidelity": 0.8414991932709216,
        "pi_amp_scale": 1.0,
        "pi_duration_ns": 20.0,
        "plus_x_branch_overlap": 0.9898241042725564,
        "plus_x_entanglement_bits": 0.028784616349634324,
        "plus_x_fidelity": 0.8913577813015611,
        "plus_y_branch_overlap": 0.9805157365628753,
        "plus_y_entanglement_bits": 0.047672359918018097,
        "plus_y_fidelity": 0.8393557960472363,
        "total_duration_ns": 60.00000000000001
      },
      {
        "alpha_e": {
          "imag": 0.5156239837959514,
          "real": 1.4402707900503873
        },
        "alpha_g": {
          "imag": 0.6203960729728315,
          "real": 1.4003069689378551
        },
        "alpha_target": 1.5,
        "delta_alpha": 0.11213517587448901,
        "duration_ns": 60.0,
        "e_fidelity": 0.727839035163705,
        "g_fidelity": 0.6702142448623231,
        "pi_amp_scale": 1.0,
        "pi_duration_ns": 20.0,
        "plus_x_branch_overlap": 0.986606935749229,
        "plus_x_entanglement_bits": 0.03627197588657728,
        "plus_x_fidelity": 0.7944974524962853,
        "plus_y_branch_overlap": 0.9107834607645623,
        "plus_y_entanglement_bits": 0.15711874324306985,
        "plus_y_fidelity": 0.672900609060715,
        "total_duration_ns": 60.00000000000001
      },
      {
        "alpha_e": {
          "imag": 0.7002008256369185,
          "real": 1.90628383019118
        },
        "alpha_g": {
          "imag": 0.8636143218496645,
          "real": 1.8402016915133808
        },
        "alpha_target": 2.0,
        "delta_alpha": 0.17626916859367384,
        "duration_ns": 60.0,
        "e_fidelity": 0.5128096666923624,
        "g_fidelity": 0.47575099177201263,
        "pi_amp_scale": 1.0,
        "pi_duration_ns": 20.0,
        "plus_x_branch_overlap": 0.9699808687064776,
        "plus_x_entanglement_bits": 0.06636215005361745,
        "plus_x_fidelity": 0.7009333536941268,
        "plus_y_branch_overlap": 0.7000311988428465,
        "plus_y_entanglement_bits": 0.3471975096843543,
        "plus_y_fidelity": 0.5021974079228643,
        "total_duration_ns": 60.00000000000001
      },
      {
        "alpha_e": {
          "imag": 0.17700426708429262,
          "real": 0.45243829265937496
        },
        "alpha_g": {
          "imag": 0.2491800615441731,
          "real": 0.41787693298162687
        },
        "alpha_target": 0.5,
        "delta_alpha": 0.08002395196870488,
        "duration_ns": 80.0,
        "e_fidelity": 0.9654304097731544,
        "g_fidelity": 0.9328863364544332,
        "pi_amp_scale": 1.0,
        "pi_duration_ns": 20.0,
        "plus_x_branch_overlap": 0.9929725118675493,
        "plus_x_entanglement_bits": 0.01919829992182761,
        "plus_x_fidelity": 0.9568832658182809,
        "plus_y_branch_overlap": 0.9914799278656694,
        "plus_y_entanglement_bits": 0.02277327196762452,
        "plus_y_fidelity": 0.9397621755269273,
        "total_duration_ns": 80.0
      },
      {
        "alpha_e": {
          "imag": 0.3614086247900795,
          "real": 0.8994370774638517
        },
        "alpha_g": {
          "imag": 0.5008152878692165,
          "real": 0.8318902519041963
        },
        "alpha_target": 1.0,
        "delta_alpha": 0.1549089776418608,
        "duration_ns": 80.0,
        "e_fidelity": 0.858728527218539,
        "g_fidelity": 0.7550955971257902,
        "pi_amp_scale": 1.0,
        "pi_duration_ns": 20.0,
        "plus_x_branch_overlap": 0.9758793466781642,
        "plus_x_entanglement_bits": 0.054633623530823565,
        "plus_x_fidelity": 0.8481565432711471,
        "plus_y_branch_overlap": 0.9550215625308642,
        "plus_y_entanglement_bits": 0.09166534479240512,
        "plus_y_fidelity": 0.7760952588982163,
        "total_duration_ns": 80.0
      },
      {
        "alpha_e": {
          "imag": 0.5543122089575784,
          "real": 1.3383033656561365
        },
        "alpha_g": {
          "imag": 0.7631017323742402,
          "real": 1.2341248421334687
        },
        "alpha_target": 1.5,
        "delta_alpha": 0.2333371591751297,
        "duration_ns": 80.0,
        "e_fidelity": 0.6807557427752664,
        "g_fidelity": 0.5256181919733832,
        "pi_amp_scale": 1.0,
        "pi_duration_ns": 20.0,
        "plus_x_branch_overlap": 0.9568492893957817,
        "plus_x_entanglement_bits": 0.08788470168156644,
        "plus_x_fidelity": 0.7169429670345637,
        "plus_y_branch_overlap": 0.846277027180404,
        "plus_y_entanglement_bits": 0.23335275112324627,
        "plus_y_fidelity": 0.5623443298862324,
        "total_duration_ns": 80.0
      },
      {
        "alpha_e": {
          "imag": 0.7433531481753068,
          "real": 1.77446025883942
        },
        "alpha_g": {
          "imag": 1.0604828671858444,
          "real": 1.60748351932043
        },
        "alpha_target": 2.0,
        "delta_alpha": 0.3584026928192577,
        "duration_ns": 80.0,
        "e_fidelity": 0.46309590699886327,
        "g_fidelity": 0.3079713118447575,
        "pi_amp_scale": 1.0,
        "pi_duration_ns": 20.0,
        "plus_x_branch_overlap": 0.8972485858277678,
        "plus_x_entanglement_bits": 0.1793267677860392,
        "plus_x_fidelity": 0.5904265039337708,
        "plus_y_branch_overlap": 0.5859924110070497,
        "plus_y_entanglement_bits": 0.4260283475060385,
        "plus_y_fidelity": 0.37102374742302696,
        "total_duration_ns": 80.0
      },
      {
        "alpha_e": {
          "imag": 0.21141260006625712,
          "real": 0.42935214320772164
        },
        "alpha_g": {
          "imag": 0.346107855230047,
          "real": 0.33169818353921815
        },
        "alpha_target": 0.5,
        "delta_alpha": 0.16637039280646113,
        "duration_ns": 120.0,
        "e_fidelity": 0.9486500568038696,
        "g_fidelity": 0.8612912806714668,
        "pi_amp_scale": 1.0,
        "pi_duration_ns": 20.0,
        "plus_x_branch_overlap": 0.9742804746695889,
        "plus_x_entanglement_bits": 0.05764174344697897,
        "plus_x_fidelity": 0.9207454846877604,
        "plus_y_branch_overlap": 0.9661178998433669,
        "plus_y_entanglement_bits": 0.07323270142305516,
        "plus_y_fidelity": 0.8906982364718966,
        "total_duration_ns": 120.00000000000001
      },
      {
        "alpha_e": {
          "imag": 0.42905631479231937,
          "real": 0.8516704039292958
        },
        "alpha_g": {
          "imag": 0.6939072647217733,
          "real": 0.6557208941071346
        },
        "alpha_target": 1.0,
        "delta_alpha": 0.32945748751254594,
        "duration_ns": 120.0,
        "e_fidelity": 0.8025547725715535,
        "g_fidelity": 0.5533958096670263,
        "pi_amp_scale": 1.0,