{
  "artifact_payload": {
    "cases": [
      {
        "command_values": [
          [
            -27994034.329942446,
            -27994034.329942446,
            3383467.337815407,
            3383467.337815407,
            20435357.5538548,
            20435357.5538548,
            7829453.246162605,
            7829453.246162605
          ],
          [
            -116024799.12040868,
            -116024799.12040868,
            6509205.114951889,
            6509205.114951889,
            174964813.79731628,
            174964813.79731628,
            143575542.26302442,
            143575542.26302442
          ]
        ],
        "duration_ns": 40.0,
        "full_metrics": {
          "logical_average_fidelity": 0.8860148745096472,
          "logical_min_fidelity": 0.5978449206366004,
          "logical_retained_population": 0.5739681194568002,
          "state_fidelities": {
            "e|coherent": {
              "cavity_trace_distance": 0.35382528096662746,
              "fidelity": 0.8748076793318084
            },
            "e|fock1": {
              "cavity_trace_distance": 0.20942690326810529,
              "fidelity": 0.9561403746749094
            },
            "e|fock2": {
              "cavity_trace_distance": 0.27358073788222415,
              "fidelity": 0.9251535846378584
            },
            "e|fock3": {
              "cavity_trace_distance": 0.3275112463916203,
              "fidelity": 0.8927363909343856
            },
            "e|vacuum": {
              "cavity_trace_distance": 0.11997835715187569,
              "fidelity": 0.9856051943654636
            },
            "g|coherent": {
              "cavity_trace_distance": 0.018049249638655895,
              "fidelity": 0.9996742246107426
            },
            "g|fock1": {
              "cavity_trace_distance": 0.038198018195162095,
              "fidelity": 0.9985409114847337
            },
            "g|fock2": {
              "cavity_trace_distance": 0.05155156336377684,
              "fidelity": 0.9973424364997702
            },
            "g|fock3": {
              "cavity_trace_distance": 0.06373659548373609,
              "fidelity": 0.9959376466640721
            },
            "g|vacuum": {
              "cavity_trace_distance": 0.02134080295263584,
              "fidelity": 0.9995445701521223
            },
            "plus_x|coherent": {
              "branch_overlap": 0.871228057043272,
              "cavity_trace_distance": 0.17485247528425737,
              "entanglement_entropy_bits": 0.21069018116023563,
              "fidelity": 0.9046972772919901
            },
            "plus_x|vacuum": {
              "branch_overlap": 0.9890703998552222,
              "cavity_trace_distance": 0.06850415453620481,
              "entanglement_entropy_bits": 0.027268647966758226,
              "fidelity": 0.9853032854548017
            },
            "plus_y|coherent": {
              "branch_overlap": 0.871228057043272,
              "cavity_trace_distance": 0.17485247478889032,
              "entanglement_entropy_bits": 0.21069018116023563,
              "fidelity": 0.9046972772919901
            },
            "plus_y|vacuum": {
              "branch_overlap": 0.9890704191462357,
              "cavity_trace_distance": 0.06850415445581065,
              "entanglement_entropy_bits": 0.02726864796675648,
              "fidelity": 0.9853032854548024
            }
          },
          "state_test_mean_fidelity": 0.9575345813463896,
          "state_test_min_fidelity": 0.8748076793318084
        },
        "hardware_metrics": {
          "command_max_abs_amplitude": 174964813.79731628,
          "command_max_slew": 3.3691121736472892e+16,
          "command_rms_amplitude": 90832788.78741322,
          "command_rms_slew": 1.1440702282666728e+16,
          "hardware_active": true,
          "hardware_map_count": 3,
          "physical_max_abs_amplitude": 124065065.91466801,
          "physical_max_slew": 2.419391455897852e+16,
          "physical_rms_amplitude": 57310014.93548731,
          "physical_rms_slew": 1.1134930886698676e+16
        },
        "metrics": {
          "aggregate_mode": "mean",
          "amplitude_penalty": 0.0,
          "bound_penalty": 0.0,
          "boundary_penalty": 0.0,
          "command_max_abs_amplitude": 174964813.79731628,
          "command_max_slew": 3.3691121736472892e+16,
          "command_rms_amplitude": 90832788.78741322,
          "command_rms_slew": 1.1440702282666728e+16,
          "control_penalty_total": 0.0,
          "duration_s": 4e-08,
          "effective_update_period_s": 1e-08,
          "gradient_norm": 1.5371959959049642e-10,
          "hardware_active": true,
          "hardware_forward_model_applied": true,
          "hardware_map_count": 3,
          "hold_ratio": 2.0,
          "iq_radius_penalty": 0.0,
          "nominal_command_fidelity": 0.2144584973705639,
          "nominal_fidelity": 0.9828994675457494,
          "nominal_physical_fidelity": 0.9828994675457494,
          "objective_command_reference": 0.7855415026294361,
          "objective_control_penalty": 0.0,
          "objective_physical_reference": 0.017100532454250583,
          "objective_system": 0.017100532454250583,
          "objective_total": 0.017100532454250583,
          "parameter_slices": 4,
          "parameterization": "HeldSampleParameterization",
          "physical_max_abs_amplitude": 124065065.91466801,
          "physical_max_slew": 2.419391455897852e+16,
          "physical_rms_amplitude": 57310014.93548731,
          "physical_rms_slew": 1.1134930886698676e+16,
          "sample_period_s": 1e-08,
          "slew_penalty": 0.0,
          "system_weights": [
            1.0
          ],
          "time_slices": 8
        },
        "objective_value": 0.017100532454250583,
        "physical_values": [
          [
            -0.0,
            -24503846.37853911,
            -7390455.265412499,
            -386253.16327625915,
            11734768.549901567,
            14546239.699164394,
            9336187.947086276,
            0.0
          ],
          [
            -0.0,
            -101559275.81707725,
            -35473078.57503427,
            -8207478.5545866685,
            98962465.41002847,
            124065065.91466801,
            120969572.79489273,
            0.0
          ]
        ],
        "pulse_export_meta": {
          "channels": {
            "storage": {
              "max_abs_amp": 124914905.71503651,
              "nonzero_slices": 6
            }
          },
          "mapping": "Rotating-frame controls exported as square-envelope pulses on the propagation grid. For repository drive targets, I/Q quadratures are combined into the complex channel coefficient c(t) = I(t) + i Q(t). Model-backed Q quadratures are built as +i(raising - lowering), so replay through cqed_sim.sim.runner preserves the same Hermitian control Hamiltonian. Absolute positive drive frequencies remain a separate boundary translation handled through cqed_sim.core frequency helpers before setting raw Pulse.carrier values.",
          "parameter_slices": 4,
          "parameterization": "HeldSampleParameterization",
          "time_grid_s": [
            5e-09,
            5e-09,
            5e-09,
            5e-09,
            5e-09,
            5e-09,
            5e-09,
            5e-09
          ]
        },
        "schedule_values": [
          [
            -27994034.329942446,
            3383467.337815407,
            20435357.5538548,
            7829453.246162605
          ],
          [
            -116024799.12040868,
            6509205.114951889,
            174964813.79731628,
            143575542.26302442
          ]
        ],
        "success": true,
        "vacuum_metrics": {
          "alpha_e": {
            "imag": -0.12043263311237548,
            "real": 0.9980543369860116
          },
          "alpha_g": {
            "imag": -0.016321171602842636,