{
  "artifact_payload": {
    "dt_sweep": [
      {
        "alpha_e": {
          "imag": 0.6083026370374457,
          "real": 0.6829913670124265
        },
        "alpha_g": {
          "imag": 0.003562189170439946,
          "real": 0.9980280719208031
        },
        "delta_alpha": 0.6818791203181942,
        "dt_ns": 0.25,
        "e_fidelity": 0.6269262173600828,
        "g_fidelity": 0.9999721481293167,
        "plus_x_branch_overlap": 0.6292574739808013,
        "plus_x_entanglement_bits": 0.47959199362425176,
        "plus_x_fidelity": 0.7732178634305688,
        "plus_y_branch_overlap": 0.6292574739808013,
        "plus_y_entanglement_bits": 0.47959199362425164,
        "plus_y_fidelity": 0.7732178634305688
      },
      {
        "alpha_e": {
          "imag": 0.6113877106088536,
          "real": 0.678266638734315
        },
        "alpha_g": {
          "imag": 0.0036054412695460817,
          "real": 0.9961014016608866
        },
        "delta_alpha": 0.6858704130138786,
        "dt_ns": 0.5,
        "e_fidelity": 0.6227369854674077,
        "g_fidelity": 0.9999602524531903,
        "plus_x_branch_overlap": 0.6258644542014653,
        "plus_x_entanglement_bits": 0.48292038825477823,
        "plus_x_fidelity": 0.7703193656254624,
        "plus_y_branch_overlap": 0.6258644542014653,
        "plus_y_entanglement_bits": 0.48292038825477823,
        "plus_y_fidelity": 0.7703193656254624
      },
      {
        "alpha_e": {
          "imag": 0.6174671031391786,
          "real": 0.6687890465495433
        },
        "alpha_g": {
          "imag": 0.003690426808501372,
          "real": 0.9922113993159736
        },
        "delta_alpha": 0.6937750548099191,
        "dt_ns": 1.0,
        "e_fidelity": 0.61438472741654,
        "g_fidelity": 0.9999136087703039,
        "plus_x_branch_overlap": 0.6191237679426926,
        "plus_x_entanglement_bits": 0.4895068357809819,
        "plus_x_fidelity": 0.7645137937401859,
        "plus_y_branch_overlap": 0.6191237738953419,
        "plus_y_entanglement_bits": 0.4895068357809813,
        "plus_y_fidelity": 0.7645137937401862
      }
    ],
    "ideal_limit": {
      "alpha_e": {
        "imag": 0.0,
        "real": 0.9961173473007044
      },
      "alpha_g": {
        "imag": 0.0,
        "real": 0.9961173473007044
      },
      "delta_alpha": 0.0,
      "e_fidelity": 0.9999849251215644,
      "g_fidelity": 0.9999849251215644,
      "plus_x_branch_overlap": 1.000000050631338,
      "plus_x_entanglement_bits": -0.0,
      "plus_x_fidelity": 0.9999848936984413,
      "plus_y_branch_overlap": 1.0000000381998584,
      "plus_y_entanglement_bits": 3.2034265038149176e-16,
      "plus_y_fidelity": 0.9999848936984409
    },
    "n_cav_sweep": [
      {
        "alpha_e": {
          "imag": 0.6113872898768501,
          "real": 0.6782607062374016
        },
        "alpha_g": {
          "imag": 0.0036054221454625127,
          "real": 0.9960883905420906
        },
        "delta_alpha": 0.6858667768987903,
        "e_fidelity": 0.6227349222886455,
        "g_fidelity": 0.9999601506444815,
        "n_cav": 12,
        "plus_x_branch_overlap": 0.6258644577054284,
        "plus_x_entanglement_bits": 0.4829203768955463,
        "plus_x_fidelity": 0.7703196383629127,
        "plus_y_branch_overlap": 0.6258644577054284,
        "plus_y_entanglement_bits": 0.4829203768955461,
        "plus_y_fidelity": 0.7703196383629127
      },
      {
        "alpha_e": {
          "imag": 0.6113877106088536,
          "real": 0.678266638734315
        },
        "alpha_g": {
          "imag": 0.0036054412695460817,
          "real": 0.9961014016608866
        },
        "delta_alpha": 0.6858704130138786,
        "e_fidelity": 0.6227369854674077,
        "g_fidelity": 0.9999602524531903,
        "n_cav": 15,
        "plus_x_branch_overlap": 0.6258644542014653,
        "plus_x_entanglement_bits": 0.48292038825477823,
        "plus_x_fidelity": 0.7703193656254624,
        "plus_y_branch_overlap": 0.6258644542014653,
        "plus_y_entanglement_bits": 0.48292038825477823,
        "plus_y_fidelity": 0.7703193656254624
      },
      {
        "alpha_e": {
          "imag": 0.6113869155546475,
          "real": 0.6782526300931625
        },
        "alpha_g": {
          "imag": 0.003605422429560346,
          "real": 0.9960895801287006
        },
        "delta_alpha": 0.6858707386915216,
        "e_fidelity": 0.6227319552865251,
        "g_fidelity": 0.9999601598826277,
        "n_cav": 18,
        "plus_x_branch_overlap": 0.6258646292229583,
        "plus_x_entanglement_bits": 0.48292021088325576,
        "plus_x_fidelity": 0.7703191788535593,
        "plus_y_branch_overlap": 0.6258646292229583,
        "plus_y_entanglement_bits": 0.48292021088325565,
        "plus_y_fidelity": 0.7703191788535593
      }
    ],
    "n_tr_sweep": [
      {
        "alpha_e": {
          "imag": 0.6113877106088536,
          "real": 0.678266638734315
        },
        "alpha_g": {
          "imag": 0.0036054412695460817,
          "real": 0.9961014016608866
        },
        "delta_alpha": 0.6858704130138786,
        "e_fidelity": 0.6227369854674077,
        "g_fidelity": 0.9999602524531903,
        "n_tr": 3,
        "plus_x_branch_overlap": 0.6258644542014653,
        "plus_x_entanglement_bits": 0.48292038825477823,
        "plus_x_fidelity": 0.7703193656254624,
        "plus_y_branch_overlap": 0.6258644542014653,
        "plus_y_entanglement_bits": 0.48292038825477823,
        "plus_y_fidelity": 0.7703193656254624
      },
      {
        "alpha_e": {
          "imag": 0.6113878056077785,
          "real": 0.6782692576516358
        },
        "alpha_g": {
          "imag": 0.0036054305827910266,
          "real": 0.996093354839239
        },
        "delta_alpha": 0.6858655641917951,
        "e_fidelity": 0.622737980289022,
        "g_fidelity": 0.9999601894629705,
        "n_tr": 4,
        "plus_x_branch_overlap": 0.6258645043731761,
        "plus_x_entanglement_bits": 0.48292032706301274,
        "plus_x_fidelity": 0.7703190235068454,
        "plus_y_branch_overlap": 0.6258645043731761,
        "plus_y_entanglement_bits": 0.48292032706301274,
        "plus_y_fidelity": 0.7703190235068454
      }
    ],
    "representative_case": {
      "alpha_target": 1.0,
      "duration_ns": 80.0,
      "protocol": "naive square"
    },
    "wall_time_s": 0.1274089813232422
  },
  "date_created": "2026-04-02T03:51:29Z",
  "description": "unconditional validation spotcheck",
  "load_instructions": "Use common.load_json(Path('unconditional_validation_spotcheck.json')) to load the payload.",
  "study_name": "waveform_level_gate_realization_dispersive_cqed"
}