{
  "artifact_payload": {
    "baseline_square_80ns": {
      "alpha_e": {
        "imag": 0.6113877106088536,
        "real": 0.678266638734315
      },
      "alpha_g": {
        "imag": 0.0036054412695460817,
        "real": 0.9961014016608866
      },
      "alpha_target": 1.0,
      "bandwidth_mhz": 0.0,
      "delta_alpha": 0.6858704130138786,
      "distortion_l2_fraction": 0.0,
      "duration_ns": 80.0,
      "e_fidelity": 0.6227369854674077,
      "g_fidelity": 0.9999602524531903,
      "plus_x_branch_overlap": 0.6258644542014653,
      "plus_x_entanglement_bits": 0.48292038825477823,
      "plus_x_fidelity": 0.7703193656254624,
      "plus_y_branch_overlap": 0.6258644542014653,
      "plus_y_entanglement_bits": 0.48292038825477823,
      "plus_y_fidelity": 0.7703193656254624
    },
    "best_echo": {
      "alpha_e": {
        "imag": 0.3328624083119751,
        "real": 0.967360196004005
      },
      "alpha_g": {
        "imag": 0.4065610983861012,
        "real": 0.9396720763859928
      },
      "alpha_target": 1.0,
      "delta_alpha": 0.0787281962617171,
      "duration_ns": 60.0,
      "e_fidelity": 0.8845192020893513,
      "g_fidelity": 0.8414991932709216,
      "pi_amp_scale": 1.0,
      "pi_duration_ns": 20.0,
      "plus_x_branch_overlap": 0.9898241042725564,
      "plus_x_entanglement_bits": 0.028784616349634324,
      "plus_x_fidelity": 0.8913577813015611,
      "plus_y_branch_overlap": 0.9805157365628753,
      "plus_y_entanglement_bits": 0.047672359918018097,
      "plus_y_fidelity": 0.8393557960472363,
      "total_duration_ns": 60.00000000000001
    },
    "best_fast_gaussian": {
      "alpha_e": {
        "imag": 0.05424286129121878,
        "real": 0.9812456693859445
      },
      "alpha_g": {
        "imag": 0.0003576604080509118,
        "real": 0.9829220437216996
      },
      "alpha_target": 1.0,
      "bandwidth_mhz": 200.0,
      "delta_alpha": 0.053911270668877145,
      "distortion_l2_fraction": 0.0,
      "duration_ns": 5.0,
      "e_fidelity": 0.9967091066730133,
      "g_fidelity": 0.9997081671453889,
      "plus_x_branch_overlap": 0.997097735981722,
      "plus_x_entanglement_bits": 0.008618631289807466,
      "plus_x_fidelity": 0.9977433141802455,
      "plus_y_branch_overlap": 0.9970977164628739,
      "plus_y_entanglement_bits": 0.008618631289809282,
      "plus_y_fidelity": 0.9977433141802451
    },
    "best_optimal": {
      "command_values": [
        [
          -27994034.329942446,
          -27994034.329942446,
          3383467.337815407,
          3383467.337815407,
          20435357.5538548,
          20435357.5538548,
          7829453.246162605,
          7829453.246162605
        ],
        [
          -116024799.12040868,
          -116024799.12040868,
          6509205.114951889,
          6509205.114951889,
          174964813.79731628,
          174964813.79731628,
          143575542.26302442,
          143575542.26302442
        ]
      ],
      "duration_ns": 40.0,
      "full_metrics": {
        "logical_average_fidelity": 0.8860148745096472,
        "logical_min_fidelity": 0.5978449206366004,
        "logical_retained_population": 0.5739681194568002,
        "state_fidelities": {
          "e|coherent": {
            "cavity_trace_distance": 0.35382528096662746,
            "fidelity": 0.8748076793318084
          },
          "e|fock1": {
            "cavity_trace_distance": 0.20942690326810529,
            "fidelity": 0.9561403746749094
          },
          "e|fock2": {
            "cavity_trace_distance": 0.27358073788222415,
            "fidelity": 0.9251535846378584
          },
          "e|fock3": {
            "cavity_trace_distance": 0.3275112463916203,
            "fidelity": 0.8927363909343856
          },
          "e|vacuum": {
            "cavity_trace_distance": 0.11997835715187569,
            "fidelity": 0.9856051943654636
          },
          "g|coherent": {
            "cavity_trace_distance": 0.018049249638655895,
            "fidelity": 0.9996742246107426
          },
          "g|fock1": {
            "cavity_trace_distance": 0.038198018195162095,
            "fidelity": 0.9985409114847337
          },
          "g|fock2": {
            "cavity_trace_distance": 0.05155156336377684,
            "fidelity": 0.9973424364997702
          },
          "g|fock3": {
            "cavity_trace_distance": 0.06373659548373609,
            "fidelity": 0.9959376466640721
          },
          "g|vacuum": {
            "cavity_trace_distance": 0.02134080295263584,
            "fidelity": 0.9995445701521223
          },
          "plus_x|coherent": {
            "branch_overlap": 0.871228057043272,
            "cavity_trace_distance": 0.17485247528425737,
            "entanglement_entropy_bits": 0.21069018116023563,
            "fidelity": 0.9046972772919901
          },
          "plus_x|vacuum": {
            "branch_overlap": 0.9890703998552222,
            "cavity_trace_distance": 0.06850415453620481,
            "entanglement_entropy_bits": 0.027268647966758226,
            "fidelity": 0.9853032854548017
          },
          "plus_y|coherent": {
            "branch_overlap": 0.871228057043272,
            "cavity_trace_distance": 0.17485247478889032,
            "entanglement_entropy_bits": 0.21069018116023563,
            "fidelity": 0.9046972772919901
          },
          "plus_y|vacuum": {
            "branch_overlap": 0.9890704191462357,
            "cavity_trace_distance": 0.06850415445581065,
            "entanglement_entropy_bits": 0.02726864796675648,
            "fidelity": 0.9853032854548024
          }
        },
        "state_test_mean_fidelity": 0.9575345813463896,
        "state_test_min_fidelity": 0.8748076793318084
      },
      "hardware_metrics": {
        "command_max_abs_amplitude": 174964813.79731628,
        "command_max_slew": 3.3691121736472892e+16,
        "command_rms_amplitude": 90832788.78741322,
        "command_rms_slew": 1.1440702282666728e+16,
        "hardware_active": true,
        "hardware_map_count": 3,
        "physical_max_abs_amplitude": 124065065.91466801,
        "physical_max_slew": 2.419391455897852e+16,
        "physical_rms_amplitude": 57310014.93548731,
        "physical_rms_slew": 1.1134930886698676e+16
      },
      "metrics": {
        "aggregate_mode": "mean",
        "amplitude_penalty": 0.0,
        "bound_penalty": 0.0,
        "boundary_penalty": 0.0,
        "command_max_abs_amplitude": 174964813.79731628,
        "command_max_slew": 3.3691121736472892e+16,
        "command_rms_amplitude": 90832788.78741322,
        "command_rms_slew": 1.1440702282666728e+16,
        "control_penalty_total": 0.0,
        "duration_s": 4e-08,
        "effective_update_period_s": 1e-08,
        "gradient_norm": 1.5371959959049642e-10,
        "hardware_active": true,
        "hardware_forward_model_applied": true,
        "hardware_map_count": 3,
        "hold_ratio": 2.0,
        "iq_radius_penalty": 0.0,
        "nominal_command_fidelity": 0.2144584973705639,
        "nominal_fidelity": 0.9828994675457494,
        "nominal_physical_fidelity": 0.9828994675457494,
        "objective_command_reference": 0.7855415026294361,
        "objective_control_penalty": 0.0,
        "objective_physical_reference": 0.017100532454250583,
        "objective_system": 0.017100532454250583,
        "objective_total": 0.017100532454250583,
        "parameter_slices": 4,
        "parameterization": "HeldSampleParameterization",
        "physical_max_abs_amplitude": 124065065.91466801,
        "physical_max_slew": 2.419391455897852e+16,
        "physical_rms_amplitude": 57310014.93548731,
        "physical_rms_slew": 1.1134930886698676e+16,
        "sample_period_s": 1e-08,
        "slew_penalty": 0.0,
        "system_weights": [
          1.0
        ],
        "time_slices": 8
      },
      "objective_value": 0.017100532454250583,