{
  "config": {
    "omega_q": 32672563597.333847,
    "omega_r": 43668137884.898125,
    "omega_storage_center": 45238934211.69302,
    "alpha": -1382300767.579509,
    "chi_r": -1570796.3267948965,
    "chi_s": -502654.82457436697,
    "qubit_readout_exchange": 188495559.21538758,
    "kappa_readout": 5555555.555555556,
    "kappa_storage": 8333333.333333334,
    "kappa_storage_sensitivity_ns": [
      300.0,
      120.0,
      60.0
    ],
    "n_tr": 3,
    "n_readout": 6,
    "n_storage": 6,
    "hot_storage_temperature": 0.35,
    "cold_readout_temperature": 0.05,
    "detuning_grid_mhz": [
      -240.0,
      -180.0,
      -120.0,
      -60.0,
      0.0,
      60.0,
      120.0,
      180.0,
      240.0
    ],
    "coupling_grid_mhz": [
      0.0,
      1.5,
      3.0,
      4.5,
      6.0,
      7.5,
      9.0,
      10.5,
      12.0
    ],
    "safe_readout_threshold": 0.05,
    "safe_excitation_threshold": 0.01
  },
  "detuning_grid_MHz": [
    -240.0,
    -180.0,
    -120.0,
    -60.0,
    0.0,
    60.0,
    120.0,
    180.0,
    240.0
  ],
  "coupling_grid_MHz": [
    0.0,
    1.5,
    3.0,
    4.5,
    6.0,
    7.5,
    9.0,
    10.5,
    12.0
  ],
  "induced_readout_occupation": [
    [
      0.0012688048719609903,
      0.32900704302525463,
      0.3612706617789492,
      0.3680044761896655,
      0.37044514262720274,
      0.37159630145377454,
      0.3722295834249192,
      0.37261497059268445,
      0.3728668494028557
    ],
    [
      0.0012688048719645274,
      0.32481950105147833,
      0.3566208032115,
      0.36325525738047904,
      0.36565893720152987,
      0.366792234666716,
      0.3674154877250484,
      0.36779466571392466,
      0.36804242827424394
    ],
    [
      0.001268804871958912,
      0.32070001286898,
      0.3520489700699637,
      0.3585863303814124,
      0.360953906388933,
      0.36206978556710995,
      0.3626832669473052,
      0.363056399630581,
      0.36330015720612685
    ],
    [
      0.0012688048719642062,
      0.3166472473069156,
      0.3475535145335523,
      0.353995970802748,
      0.3563282947140484,
      0.3574271825593654,
      0.3580311398642523,
      0.3583983848189569,
      0.35863824430185626
    ],
    [
      0.0012688048719617221,
      0.3126598996861739,
      0.34313282816103763,
      0.3494824969115661,
      0.35178039072236195,
      0.3528626987879695,
      0.35345737042521586,
      0.35381887922226807,
      0.3540549433366363
    ],
    [
      0.0012688048719653757,
      0.3087366915098585,
      0.3387853409831165,
      0.3450442685658801,
      0.3473085258477806,
      0.34837465097010545,
      0.3489602665671624,
      0.34931618504717715,
      0.34954855254371164
    ],
    [
      0.0012688048719629217,
      0.30487637013641394,
      0.3345095206070758,
      0.3406796861692947,
      0.34291107330410364,
      0.3439613982533297,
      0.34453817905239964,
      0.3448886475877335,
      0.3451174134286623
    ],
    [
      0.0012688048719653516,
      0.3010777084375255,
      0.3303038713343782,
      0.3363871896462049,
      0.3385864470001738,
      0.339621341099258,
      0.3401895003325479,
      0.34053465407663913,
      0.34075990961146035
    ],
    [
      0.0012688048719649324,
      0.2973395044428352,
      0.3261669332917358,
      0.3321652574378344,
      0.3343331004792006,
      0.33535292019266066,
      0.33591266343944604,
      0.3362526325636012,
      0.33647446569598144
    ]
  ],
  "dephasing_proxy_per_s": [
    [
      2256.928359666125,
      758067.2731208856,
      853443.4965450477,
      874414.4915155612,
      882225.2003199608,
      885977.934409207,
      888070.6366611436,
      889357.261676405,
      890204.7607644331
    ],
    [
      2256.928359677885,
      746731.4688106709,
      840327.9697218151,
      860878.3504616977,
      868524.6731194782,
      872195.506240508,
      874241.2013636963,
      875498.2511240834,
      876325.9063621418
    ],
    [
      2256.9283596580685,
      735606.4503580332,
      827467.8127443728,
      847609.1800365434,
      855095.9239033419,
      858687.3535917634,
      860687.5233799102,
      861915.9557922096,
      862724.424324777
    ],
    [
      2256.9283596760442,
      724687.9272762025,
      814857.3713089175,
      834600.9327849792,
      841932.7332611413,
      845447.1645174967,
      847403.2343028359,
      848603.9698791647,
      849393.882650206
    ],
    [
      2256.9283596672135,
      713971.6816783566,
      802491.1094152135,
      821847.6941743954,
      829029.0214073064,
      832468.7703980504,
      834382.1113563813,
      835556.0347707861,
      836327.9976357121
    ],
    [
      2256.9283596806968,
      703453.5686057208,
      790363.6082081639,
      809343.6808988005,
      816378.84622652,
      819746.1438404045,
      821618.0752029822,
      822766.036785116,
      823520.6315765949
    ],
    [
      2256.928359675202,
      693129.5162134665,
      778469.5647131875,
      797083.2390936322,
      803976.401238232,
      807273.396500204,
      809105.1876785933,
      810228.0048460846,
      810965.7903959736
    ],
    [
      2256.928359683472,
      682995.5258253345,
      766803.790476808,
      785060.842471795,
      791816.0134903581,
      795044.776840728,
      796837.6494643103,
      797936.1080974713,
      798657.6212162748
    ],
    [
      2256.9283596788355,
      673047.6718676554,
      755361.2101233124,
      773271.0903921444,
      779892.141394952,
      783054.6678368516,
      784809.7977084374,
      785884.6534672519,
      786590.4098821715
    ]
  ],
  "storage_occupation": [
    [
      0.6065461869926423,
      0.40204457593067905,
      0.38150584718396285,
      0.37723867056742966,
      0.3757046596950534,
      0.374987354966537,
      0.3745958925580245,
      0.3743593099800485,
      0.37420557646269637
    ],
    [
      0.5991936835711333,
      0.39685044574917494,
      0.37656843794651507,
      0.3723553406894032,
      0.37084083371459403,
      0.3701326407856499,
      0.3697461367857242,
      0.3695125399223995,
      0.36936073929739366
    ],
    [
      0.591946529954227,
      0.3917442606726198,
      0.3717150863024026,
      0.3675552324528343,
      0.36605992977033963,
      0.36536071084608124,
      0.3649790917978699,
      0.3647484374126035,
      0.3645985423216865
    ],
    [
      0.5848031345152285,
      0.3867241291508896,
      0.36694396254319456,
      0.362836529282177,
      0.3613601356247899,
      0.3606697546905767,
      0.36029294795486927,
      0.36006519320845143,
      0.3599171764904399
    ],
    [
      0.5777619228921135,
      0.38178820641041583,
      0.362253283260879,
      0.3581974608664403,
      0.3567396853334402,
      0.35605800818901956,
      0.35568594197493775,
      0.3554610444513363,
      0.3553148791635563
    ],
    [
      0.5708213382646772,
      0.376934693290787,
      0.3576413101419602,
      0.3536363019363735,
      0.352196858012489,
      0.351523752300398,
      0.35115635569164555,
      0.3509342734208005,
      0.3507899328581376
    ],
    [
      0.5639798416012484,
      0.3721618351034044,
      0.3531063487875939,
      0.34915137106932204,
      0.34772997663497907,
      0.3470653118630518,
      0.34670251484074127,
      0.3464832063184456,
      0.3463406640303578
    ],
    [
      0.557235911876392,
      0.3674679205123577,
      0.3486467475597197,
      0.3447410295214453,
      0.34333740685494063,
      0.34268105441399616,
      0.342322787875583,
      0.342106212081034,
      0.34196544188663536
    ],
    [
      0.5505880462608541,
      0.36285128043774206,
      0.3442608964531242,
      0.3404036800872804,
      0.33901755585983495,
      0.3383693890365896,
      0.33801558481174826,
      0.3378017012224599,
      0.3376626772237201
    ]
  ],