{
  "config": {
    "omega_q": 32672563597.333847,
    "omega_r": 43982297150.2571,
    "alpha": -1382300767.579509,
    "chi": -1570796.3267948965,
    "exchange_g": 188495559.21538758,
    "kappa_readout": 6666666.666666667,
    "t1_qubit": 6e-05,
    "tphi_qubit": 0.00012,
    "n_cav_steady": 30,
    "n_cav_dynamic": 12,
    "n_tr": 3,
    "temperature_grid": [
      0.03,
      0.05,
      0.07,
      0.1,
      0.15,
      0.2,
      0.3,
      0.5,
      1.0,
      2.0
    ],
    "dephasing_temperatures": [
      0.03,
      0.05,
      0.07,
      0.1,
      0.15,
      0.2,
      0.3,
      0.5
    ],
    "cold_temperature": 0.05,
    "transient_temperatures": [
      0.2,
      0.5
    ],
    "coherence_target": 2e-05
  },
  "temperatures_K": [
    0.03,
    0.05,
    0.07,
    0.1,
    0.15,
    0.2,
    0.3,
    0.5,
    1.0,
    2.0
  ],
  "nth_values": [
    1.3698555994715105e-05,
    0.0012092780490320903,
    0.008304373388862,
    0.03600497322001497,
    0.1191893148342627,
    0.2291404989955412,
    0.4844226753107171,
    1.0439043060441453,
    2.504602942389663,
    5.467310967392567
  ],
  "dispersive_cavity_occupation": [
    1.3698555995135235e-05,
    0.001209278049031354,
    0.008304373388864696,
    0.03600497322001479,
    0.11918931483426087,
    0.22914049899554112,
    0.48442267531063704,
    1.0439042531843854,
    2.5033436069037345,
    5.271676606495536
  ],
  "dispersive_cavity_variance": [
    1.3698743650354039e-05,
    0.0012107404024216467,
    0.008373336006282369,
    0.037301331316586514,
    0.13339540760490298,
    0.2816458672754585,
    0.7190880036635532,
    2.133638920428894,
    8.739857190912952,
    29.451496551489164
  ],
  "dressed_qubit_excited_population": [
    1.3664010440248922e-05,
    0.0012033532364632406,
    0.00814800697576958,
    0.03347064512755444,
    0.09515214219148421,
    0.15273809509134484,
    0.2286395286130594,
    0.2902577545874736,
    0.32321774557799543,
    0.3314613425182977
  ],
  "dressed_qubit_f_population": [
    1.6666726069478852e-10,
    1.294365240990898e-06,
    5.9809784096628984e-05,
    0.0010398420078899942,
    0.00913229222187869,
    0.025895782872197112,
    0.06895835554278112,
    0.13998435842369103,
    0.22343793975064227,
    0.2757521012626097
  ],
  "dressed_readout_occupation": [
    1.3664395133618606e-05,
    0.0012062631941136067,
    0.008283704322501046,
    0.035916097397159105,
    0.1189057730176686,
    0.22862917484344292,
    0.48350628471138835,
    1.0424786874307552,
    2.501423029166844,
    5.269729348776859
  ],
  "spectroscopy_shift_MHz": [
    3.4246389987838083e-06,
    0.0003023195122578384,
    0.0020760933472161736,
    0.009001243305003697,
    0.02979732870856522,
    0.05728512474888528,
    0.12110566882765926,
    0.26097606329609635,
    0.6258359017259336,
    1.317919151623884
  ],
  "spectroscopy_width_MHz": [
    0.0009252953464419495,
    0.008698923792708665,
    0.02287648356703119,
    0.048283881443879975,
    0.09130834011910652,
    0.1326757954742166,
    0.21199764203634924,
    0.36517452338136325,
    0.7390812366932741,
    1.3567308260919235
  ],
  "readout_visibility_penalty": [
    0.9999863017254741,
    0.9987929110694242,
    0.9917976593093533,
    0.9658297809428422,
    0.8986141968205238,
    0.8280935302784206,
    0.7126793870427697,
    0.5690819622893684,
    0.40802097682434973,
    0.29432964567931175
  ],
  "cavity_temperature_resolution_proxy_K": [
    0.061914434074516286,
    0.167878711310784,
    0.15717424810992423,
    0.16081515460603998,
    0.18910729085696404,
    0.22905186617745266,
    0.3218974002112317,
    0.5157626650422734,
    1.0323262008594922,
    2.0770544351372635
  ],
  "qubit_temperature_resolution_proxy_K": [
    0.06214162309816939,
    0.1704796773926647,
    0.16465561419794475,
    0.18164835667498294,
    0.24602267290807972,
    0.35239880350012925,
    0.6899161908776046,
    1.8998846468233261,
    10.016273197459464,
    57.103529935156814
  ],
  "cavity_responsivity_per_K": [
    0.059778974651810916,
    0.20726687082173895,
    0.5821941912770014,
    1.2009783919224728,
    1.9313552577552633,
    2.3169563765340557,
    2.6343504718902206,
    2.8321138373887287,
    2.868696804823066,
    2.7683329995918013
  ],
  "qubit_responsivity_per_K": [
    0.05948446130114957,
    0.20335857413323324,
    0.5459747875363217,
    0.9901661894749914,
    1.192674499637904,
    1.02081748373719,
    0.6087066001021209,
    0.2388993733317774,
    0.046694520300796544,
    0.008243596940302245
  ],
  "preferred_thermometer": [
    "cavity_occupation",
    "cavity_occupation",
    "cavity_occupation",
    "cavity_occupation",
    "cavity_occupation",
    "cavity_occupation",
    "cavity_occupation",
    "cavity_occupation",
    "cavity_occupation",
    "cavity_occupation"
  ],
  "crossover_temperature_K": null,
  "summary": {
    "lowest_temperature_with_qubit_excitation_above_1e-4": 0.05,
    "temperature_where_readout_penalty_drops_below_0p9": 0.15,
    "temperature_where_spectroscopy_width_exceeds_0p1_MHz": 0.2
  },
  "runtime_s": 10.622294300002977
}