{
  "single_target_window": {
    "logical_n": 8,
    "chi_t_values": [
      1.0,
      2.0,
      3.0,
      5.0
    ],
    "families": {
      "single_tone_gaussian": {
        "raw_global_z_fidelity": [
          0.738297,
          0.899778,
          0.927012,
          0.943252
        ],
        "linear_cavity_compiled_fidelity": [
          0.755039,
          0.921889,
          0.949485,
          0.964978
        ],
        "branch_local_z_relaxed_fidelity": [
          0.92165,
          0.998903,
          0.999994,
          1.0
        ],
        "linear_phase_rms": [
          7.1743e-06,
          3.4977e-06,
          2.1844e-06,
          4.10556e-05
        ],
        "representative_chi_t_3": {
          "exact_cavity_phases": [
            0.0,
            -0.068389,
            -0.136777,
            -0.205165,
            -0.273552,
            -0.341939,
            -0.410326,
            -0.478712
          ],
          "pair_superposition_raw_mean": 0.958917,
          "pair_superposition_compiled_mean": 0.974004,
          "pair_superposition_raw_min": 0.670504,
          "pair_superposition_compiled_min": 0.867846
        }
      },
      "cosine_squared": {
        "raw_global_z_fidelity": [
          0.777116,
          0.910663,
          0.93148,
          0.945135
        ],
        "linear_cavity_compiled_fidelity": [
          0.795287,
          0.933193,
          0.954128,
          0.966933
        ],
        "branch_local_z_relaxed_fidelity": [
          0.950611,
          0.999058,
          0.999998,
          1.0
        ],
        "linear_phase_rms": [
          6.0544e-06,
          2.5918e-06,
          2.25673e-05,
          4.58953e-05
        ],
        "representative_chi_t_3": {
          "exact_cavity_phases": [
            0.0,
            -0.068333,
            -0.136771,
            -0.205155,
            -0.27354,
            -0.341923,
            -0.410308,
            -0.478691
          ],
          "pair_superposition_raw_mean": 0.961112,
          "pair_superposition_compiled_mean": 0.976418,
          "pair_superposition_raw_min": 0.685791,
          "pair_superposition_compiled_min": 0.878726
        }
      }
    }
  },
  "allbranch_structured_short_gate": {
    "0.5": {
      "raw_global_z_fidelity": 0.137607,
      "exact_cavity_compiled_fidelity": 0.028418,
      "branch_local_z_relaxed_fidelity": 0.97159,
      "grape_reference_fidelity": 0.999918,
      "exact_cavity_phases": [
        0.0,
        1.499523,
        -0.142538,
        1.357002
      ],
      "branch_local_z_phases": [
        -3.031555,
        2.11799,
        0.708362,
        -0.445898
      ]
    },
    "1.0": {
      "raw_global_z_fidelity": 0.058135,
      "exact_cavity_compiled_fidelity": 0.059404,
      "branch_local_z_relaxed_fidelity": 0.564664,
      "grape_reference_fidelity": 0.999987,
      "exact_cavity_phases": [
        0.0,
        -0.070541,
        -0.141079,
        -0.211612
      ],
      "branch_local_z_phases": [
        -0.001748,
        6.141843,
        5.99426,
        -0.42845
      ]
    }
  }
}