{
  "best_benchmark_gain": {
    "benchmark_basis_expanded": 0.16796615360810951,
    "case_id": "chi_plus_chiprime_random_su2_na3_chiT5p0_seed9204",
    "chi_t_over_2pi": 5.0,
    "gain": -0.04363406607048029,
    "model_variant": "chi_plus_chiprime",
    "n_active": 3,
    "single_pulse_gaussian": 0.2116002196785898,
    "target_family": "random_su2"
  },
  "best_relaxed_case": {
    "active_duration_ns": 1760.5633802816897,
    "case_id": "chi_only_random_su2_na3_chiT5p0_seed9100",
    "chi_t_over_2pi": 5.0,
    "classification": "relaxed_success",
    "duration_ns": 1760.5633802816897,
    "fairness_mode": "fixed_total_duration",
    "family_name": "segmented_relaxed",
    "include_chi_prime": false,
    "leakage_outside_target_mean": 1.850371707708594e-17,
    "model_variant": "chi_only",
    "n_active": 3,
    "offblock_operator_2norm_max": 0.0,
    "offblock_operator_2norm_mean": 0.0,
    "other_target_population_mean": 0.0,
    "random_seed": 9100.0,
    "relaxed_cross_block_mean": 0.9999999831091502,
    "relaxed_full_six_state_mean": 0.9999981914454319,
    "relaxed_full_six_state_min": 0.9999791898051322,
    "relaxed_joint_average_gate_fidelity": 0.9999999830157259,
    "relaxed_joint_operator_2norm": 0.00020995125859797915,
    "relaxed_joint_process_fidelity": 0.9999999801850136,
    "relaxed_reduced_six_state_mean": 0.9999981914542657,
    "relaxed_reduced_six_state_min": 0.9999791896577204,
    "relaxed_residual_z_mean_rad": 0.00018991309638422593,
    "relaxed_transverse_mean_rad": 0.0001578926711515513,
    "same_block_population_mean": 1.0000000000000002,
    "same_block_population_min": 0.9999999999999999,
    "stage": "random",
    "strict_cross_block_mean": 0.18065390821856347,
    "strict_full_six_state_mean": 0.5758003221455102,
    "strict_full_six_state_min": 0.05159860495724995,
    "strict_joint_average_gate_fidelity": 0.1557533927977372,
    "strict_joint_operator_2norm": 1.7110511070505268,
    "strict_joint_process_fidelity": 0.015045624930693403,
    "strict_reduced_basis_pair_mean": 0.518183573819771,
    "strict_reduced_six_state_mean": 0.5758003221455102,
    "strict_reduced_six_state_min": 0.05159860495724996,
    "strict_reduced_superposition_mean": 0.6046086963083799,
    "strict_residual_z_mean_rad": 1.2470045324891712,
    "strict_transverse_mean_rad": 2.374345907983628,
    "target_class": "random_su2",
    "target_family": "random_su2",
    "total_gate_duration_ns": 1760.5633802816897
  },
  "best_strict_case": {
    "active_duration_ns": 1760.5633802816897,
    "case_id": "chi_plus_chiprime_inplane_axes_na2_chiT5p0",
    "chi_t_over_2pi": 5.0,
    "classification": "strict_success",
    "duration_ns": 1760.5633802816897,
    "fairness_mode": "fixed_total_duration",
    "family_name": "single_pulse_gaussian",
    "include_chi_prime": true,
    "leakage_outside_target_mean": 2.7755575615628914e-17,
    "model_variant": "chi_plus_chiprime",
    "n_active": 2,
    "offblock_operator_2norm_max": 0.0,
    "offblock_operator_2norm_mean": 0.0,
    "other_target_population_mean": 0.0,
    "random_seed": NaN,
    "relaxed_cross_block_mean": 0.9978767962893403,
    "relaxed_full_six_state_mean": 0.9975639183979056,
    "relaxed_full_six_state_min": 0.9950715180593288,
    "relaxed_joint_average_gate_fidelity": 0.9970762620465482,
    "relaxed_joint_operator_2norm": 0.07170932647631703,
    "relaxed_joint_process_fidelity": 0.9963453275581853,
    "relaxed_reduced_six_state_mean": 0.9975639184034351,
    "relaxed_reduced_six_state_min": 0.995071483428244,
    "relaxed_residual_z_mean_rad": 0.07832461186196817,
    "relaxed_transverse_mean_rad": 0.08215111764445712,
    "same_block_population_mean": 1.0000000000000002,
    "same_block_population_min": 0.9999999999999999,
    "stage": "aux",
    "strict_cross_block_mean": 0.9973301248032409,
    "strict_full_six_state_mean": 0.9973011073219156,
    "strict_full_six_state_min": 0.9952380458241745,
    "strict_joint_average_gate_fidelity": 0.9965739895511427,
    "strict_joint_operator_2norm": 0.10273440357334605,
    "strict_joint_process_fidelity": 0.9957174869389285,
    "strict_reduced_basis_pair_mean": 0.9975714493363828,
    "strict_reduced_six_state_mean": 0.9973011073219155,
    "strict_reduced_six_state_min": 0.9952380458241743,
    "strict_reduced_superposition_mean": 0.9971659363146818,
    "strict_residual_z_mean_rad": 0.061716485616454736,
    "strict_transverse_mean_rad": 0.09819875817318796,
    "target_class": "general_inplane",
    "target_family": "inplane_axes",
    "total_gate_duration_ns": 1760.5633802816897
  },
  "case_count": 220,
  "context_count": 76,
  "executive_summary": [
    "Strict arbitrary blockwise SU(2) success is much rarer than relaxed per-block Z-gauge success once six-state and cross-block validation are enforced.",
    "Best strict case: single_pulse_gaussian on inplane_axes with strict joint process fidelity 0.9957.",
    "Best relaxed case: segmented_relaxed on random_su2 with relaxed joint process fidelity 1.0000.",
    "The higher-expressivity benchmark is used as the main separator between Gaussian-ansatz failure and deeper control difficulty.",
    "Cross-block superposition tests remain stricter than single-block reduced diagnostics and are part of the reported success criterion."
  ],
  "family_summary": [
    {
      "family_name": "segmented_relaxed",
      "relaxed_joint_process_fidelity": 0.9999995822512376,
      "strict_joint_process_fidelity": 0.37178331018380567
    },
    {
      "family_name": "single_pulse_gaussian",
      "relaxed_joint_process_fidelity": 0.9307388537145362,
      "strict_joint_process_fidelity": 0.8904326611155753
    },
    {
      "family_name": "echo_independent",
      "relaxed_joint_process_fidelity": 0.9264470801906601,
      "strict_joint_process_fidelity": 0.5612201182864834
    },
    {
      "family_name": "benchmark_basis_expanded",
      "relaxed_joint_process_fidelity": 0.7984242395537328,
      "strict_joint_process_fidelity": 0.7329107364358145
    },
    {
      "family_name": "echo_phaseflip",
      "relaxed_joint_process_fidelity": 0.24064506494578955,
      "strict_joint_process_fidelity": 0.014594911718620387
    },
    {
      "family_name": "echo_identical",
      "relaxed_joint_process_fidelity": 0.2349170510554336,
      "strict_joint_process_fidelity": 0.15088192222835586
    },
    {
      "family_name": "echo_conjugated",
      "relaxed_joint_process_fidelity": 0.1779367002942174,
      "strict_joint_process_fidelity": 0.09987427199398076
    }
  ],
  "random_summary": [
    {
      "family_name": "benchmark_basis_expanded",
      "relaxed_joint_process_fidelity": 0.5464416644689485,
      "strict_joint_process_fidelity": 0.31640426660582105
    },
    {
      "family_name": "segmented_relaxed",
      "relaxed_joint_process_fidelity": 0.9999995470390565,
      "strict_joint_process_fidelity": 0.12416535664711259
    },
    {
      "family_name": "single_pulse_gaussian",
      "relaxed_joint_process_fidelity": 0.7435129421315348,
      "strict_joint_process_fidelity": 0.624385338032511
    }
  ],
  "relaxed_success_rate": 0.36818181818181817,
  "strict_success_rate": 0.06818181818181818,
  "title": "Strong Validation of SQR / CPSQR for Arbitrary Fock-Conditional Qubit Rotations"
}