{
  "truncation_analytic": {
    "2": {
      "F": 0.9999999999999998,
      "err": 0.0,
      "leak_SQR1": 0.0,
      "leak_CNOT_q2c": 0.0,
      "leak_Hc": 0.0
    },
    "4": {
      "F": 0.9999999999999998,
      "err": 0.0,
      "leak_SQR1": 0.0,
      "leak_CNOT_q2c": 0.0,
      "leak_Hc": 0.0
    },
    "6": {
      "F": 0.9999999999999998,
      "err": 0.0,
      "leak_SQR1": 0.0,
      "leak_CNOT_q2c": 0.0,
      "leak_Hc": 0.0
    },
    "8": {
      "F": 0.9999999999999998,
      "err": 0.0,
      "leak_SQR1": 0.0,
      "leak_CNOT_q2c": 0.0,
      "leak_Hc": 0.0
    },
    "10": {
      "F": 0.9999999999999998,
      "err": 0.0,
      "leak_SQR1": 0.0,
      "leak_CNOT_q2c": 0.0,
      "leak_Hc": 0.0
    },
    "12": {
      "F": 0.9999999999999998,
      "err": 0.0,
      "leak_SQR1": 0.0,
      "leak_CNOT_q2c": 0.0,
      "leak_Hc": 0.0
    }
  },
  "displacement_leakage": {
    "0.1": 0.009802644296118454,
    "0.2": 0.036965037562948624,
    "0.3": 0.0756037699582838,
    "0.5": 0.1590231269164974,
    "0.7": 0.22400748803070486,
    "1.0": 0.3076721044355372,
    "1.5": 0.4682745702500805,
    "2.0": 0.6052561576462194
  },
  "dispersive_phase_chi_prime_k_effect": {
    "times_us": [
      0.0,
      0.018057060310581435,
      0.03611412062116287,
      0.054171180931744306,
      0.07222824124232574,
      0.09028530155290718,
      0.10834236186348861,
      0.12639942217407005,
      0.14445648248465148,
      0.16251354279523292,
      0.18057060310581435,
      0.1986276634163958,
      0.21668472372697722,
      0.23474178403755866,
      0.2527988443481401,
      0.27085590465872156,
      0.28891296496930297,
      0.3069700252798844,
      0.32502708559046584,
      0.34308414590104724,
      0.3611412062116287,
      0.3791982665222101,
      0.3972553268327916,
      0.415312387143373,
      0.43336944745395445,
      0.4514265077645359,
      0.4694835680751173,
      0.4875406283856988,
      0.5055976886962802,
      0.5236547490068616,
      0.5417118093174431,
      0.5597688696280245,
      0.5778259299386059,
      0.5958829902491873,
      0.6139400505597687,
      0.6319971108703503,
      0.6500541711809317,
      0.6681112314915131,
      0.6861682918020945,
      0.7042253521126759
    ],
    "fidelity_full_vs_chi_only": [
      1.0,
      1.0,
      1.0,
      1.0,
      1.0,
      1.0,
      1.0,
      1.0,
      1.0,
      1.0,
      1.0,
      1.0,
      1.0,
      1.0,
      1.0,
      1.0,
      1.0,
      1.0,
      1.0,
      1.0,
      1.0,
      1.0,
      1.0,
      1.0,
      1.0,
      1.0,
      1.0,
      1.0,
      1.0,
      1.0,
      1.0,
      1.0,
      1.0,
      1.0,
      1.0,
      1.0,
      1.0,
      1.0,
      1.0,
      1.0
    ],
    "t_pi_us": 0.17605633802816897
  },
  "CNOT_c2q_sqr_decomp": {
    "fidelity": 1.0,
    "sequence": "SQR_1(\u03c0,0) \u00b7 CP_correction([0,\u03c0/2] on n=1)",
    "n_cav": 8
  },
  "U_target_analytic_Ncn": {
    "fidelity": 0.9999999999999998,
    "sequence": "H_c \u00b7 (SQR_1\u00b7CP_corr) \u00b7 CNOT_{q\u2192c}",
    "n_cav": 8,
    "note": "CNOT_{q\u2192c} requires Fock-level mixing; cannot be built from SQR alone"
  }
}