{
  "ideal_vs_physical": {
    "F_physical": 0.9192558149291393,
    "F_ideal": 0.9192558149291393,
    "delta_infid": 0.0,
    "L_physical": 0.10144134221698148,
    "L_ideal": 0.10144134221698148
  },
  "sqr_duration_sweep": {
    "t_sqr_us": [
      0.09999999999999999,
      0.11141913841958419,
      0.12414224406162486,
      0.13831821874819983,
      0.15411296760656,
      0.17171134070008237,
      0.19131929637674858,
      0.21316631165338398,
      0.2375080678450066,
      0.2646294428699078,
      0.294847845250197,
      0.32851692882647904,
      0.3660307316609416,
      0.40782828756752204,
      0.4543987642390772,
      0.5062871881044174,
      0.5641008229146826,
      0.6285162767093235,
      0.7002874203363779,
      0.7802542101995259,
      0.8693525184868431,
      0.9686250859269968,
      1.079233725255819,
      1.202472918213616,
      1.339784965202442,
      1.4927768649036897,
      1.6632391214025712,
      1.8531666989242066,
      2.0647823694200045,
      2.3005627262472452,
      2.5632671683867776,
      2.8559701944086258,
      3.1820973841302136,
      3.5454654890700104,
      3.95032710088551,
      4.401420420561974,
      4.90402471081379,
      5.46402208067224,
      6.0879663253408465,
      6.783159626969191,
      7.557738013994169,
      8.420766579201695,
      9.382345570870822,
      10.453728598612306,
      11.647454337295503,
      12.97749327042914,
      14.459411190371695,
      16.11055136885708,
      17.950237529825085,
      20.0
    ],
    "phi_n1_rad": [
      1.7844246272390025,
      1.9881905454165736,
      2.2152247758427825,
      2.468184359301193,
      2.750029747740323,
      3.064059451214539,
      3.413948641207078,
      3.803792162120028,
      4.238152454305816,
      4.722112949496002,
      5.261337563528059,
      5.862136982628919,
      6.531542519020951,
      7.277388400201962,
      8.10840345495179,
      9.034313269091077,
      10.06595400654747,
      11.215399227806806,
      12.49610118993904,
      13.923048281869514,
      15.512940437401731,
      17.284384578896283,
      19.25811237893375,
      21.457222888483273,
      23.907452871117876,
      26.63747800706773,
      29.679248492181095,
      33.0683629593956,
      36.84448509881957,
      41.05180785223684,
      45.7395706146255,
      50.96263549563314,
      56.78212938514762,
      63.26615933722502,
      70.49060964469756,
      78.54002993283433,
      87.50862466564755,
      97.50135564529242,
      108.63517040739941,
      121.0403708885715,
      134.86213838391583,
      150.26223264158637,
      167.4208849792867,
      186.53890757836467,
      207.84004364111834,
      231.57358591582184,
      258.0172942347447,
      287.48064620987606,
      320.3084591300969,
      356.8849254478006
    ],
    "phi_n2_rad": [
      3.612831551628262,
      4.0253857873751056,
      4.485050162357747,
      4.997204248585162,
      5.567841918840442,
      6.203641494536478,
      6.912043903852359,
      7.701339764855691,
      8.580766412767058,
      9.560616006902118,
      10.652355982495191,
      11.868763257083199,
      13.224073762102277,
      14.734149049704678,
      16.416661924638305,
      18.29130327368792,
      20.380012513256318,
      22.707234352073637,
      25.300204873996293,
      28.189270288996376,
      31.40824208276759,
      34.99479272135691,
      38.99089654185531,
      43.44332098900662,
      48.40417394680556,
      53.931513570647695,
      60.090027757056795,
      66.95179120300165,
      74.59710891486357,
      83.1154560388598,
      92.60652501200585,
      103.18139228869386,
      114.96381829739396,
      128.0916958412126,
      142.7186638933137,
      159.0159056738723,
      177.17415205192725,
      197.40591371846176,
      219.94796825441784,
      245.06413120045286,
      273.0483435589845,
      304.2281118623668,
      338.9683410672178,
      377.67560513225243,
      420.8029052593065,
      468.85497148449844,
      522.3941696654163,
      582.0470829953476,
      648.5118450697383,
      722.5663103256526
    ],
    "delta_phi_n2_rad": [
      0.0439822971502571,
      0.04900469654195779,
      0.05460061067218125,
      0.060835529982775874,
      0.06778242335979669,
      0.07552259210740059,
      0.08414662143820262,
      0.09375544061563448,
      0.10446150415542504,
      0.11639010791011271,
      0.12968085543907187,
      0.14448929182536066,
      0.1609887240603755,
      0.17937224930075257,
      0.19985501473472714,
      0.22267673550576597,
      0.24810450016138128,
      0.27643589646002686,
      0.30800249411821573,
      0.34317372525734713,
      0.38236120796412715,
      0.42602356356434495,
      0.47467178398780363,
      0.5288752120400806,
      0.5892682045698068,
      0.6565575565122328,
      0.7315307726946043,
      0.8150652842104549,
      0.9081387172244257,
      1.0118403343861193,
      1.1273837827548536,
      1.256121297427577,
      1.399559527098709,
      1.5593771667625882,
      1.7374446039186016,
      1.935845808203663,
      2.1569027206321576,
      2.4032024278769257,
      2.677627439618999,
      2.983389423309861,
      3.324066791152855,
      3.703646579194029,
      4.126571108644391,
      4.597789975523073,
      5.1228179770698175,
      5.707799652854763,
      6.359581195926806,
      7.085790575595535,
      7.894926809544639,
      8.79645943005142
    ],
    "F_approx": [
      0.9995163893843466,
      0.9993996349292077,
      0.9992546933285562,
      0.9990747595729287,
      0.9988513857708683,
      0.9985740845203448,
      0.998229836525134,
      0.9978024793387421,
      0.9972719485373965,
      0.9966133356951681,
      0.9957957189331477,
      0.9947807111369514,
      0.9935206576813531,
      0.9919563990451972,
      0.9900144932713455,
      0.9876037678661238,
      0.9846110392499178,
      0.9808957987870853,
      0.9762836159042396,
      0.9705579485732487,
      0.9634499766610534,
      0.9546259808219841,
      0.9436716743714589,
      0.93007275252239,
      0.9131907457707691,
      0.8922330437466716,
      0.8662156821502087,
      0.8339171456187326,
      0.7938210175694936,
      0.7440447844273466,
      0.6822514515953393,
      0.6055398215372152,
      0.5103082825268096,
      0.3920857129448708,
      0.2453215620785334,
      0.06312525171507677,
      0.0,
      0.0,
      0.0,
      0.0,
      0.0,
      0.0,
      0.0,
      0.0,
      0.0,
      0.0,
      0.0,
      0.0,
      0.0,
      0.0
    ],
    "t_ref_us": 2.0,
    "delta_phi_ref_rad": 0.879645943005142
  },
  "coherence_budget": {
    "total_time_us": 7.1,
    "gate_durations_us": {
      "D1": 0.2,
      "R1": 0.1,
      "S1": 2.0,
      "R2": 0.1,
      "D2": 0.2,
      "R3": 0.1,
      "S2": 2.0,
      "R4": 0.1,
      "D3": 0.2,
      "R5": 0.1,
      "S3": 2.0
    },
    "qubit_T1_loss": 0.5154282636251701,
    "qubit_T2_loss": 0.6759910457456293,
    "cavity_T1_loss": 0.0348772657699995,
    "T1_qubit_us": 9.799999999999999,
    "T2_qubit_us": 6.3,
    "T1_cavity_us": 200.0
  }
}