{
  "nominal": {
    "F_proj": 0.9192558149291393,
    "leakage": 0.10144134221698148
  },
  "chi_error_sweep": {
    "-0.1": {
      "F_proj": 0.9192558149291393,
      "leakage": 0.10144134221698148
    },
    "-0.09000000000000001": {
      "F_proj": 0.9192558149291393,
      "leakage": 0.10144134221698148
    },
    "-0.08": {
      "F_proj": 0.9192558149291393,
      "leakage": 0.10144134221698148
    },
    "-0.07": {
      "F_proj": 0.9192558149291393,
      "leakage": 0.10144134221698148
    },
    "-0.060000000000000005": {
      "F_proj": 0.9192558149291393,
      "leakage": 0.10144134221698148
    },
    "-0.05": {
      "F_proj": 0.9192558149291393,
      "leakage": 0.10144134221698148
    },
    "-0.04000000000000001": {
      "F_proj": 0.9192558149291393,
      "leakage": 0.10144134221698148
    },
    "-0.03": {
      "F_proj": 0.9192558149291393,
      "leakage": 0.10144134221698148
    },
    "-0.020000000000000004": {
      "F_proj": 0.9192558149291393,
      "leakage": 0.10144134221698148
    },
    "-0.010000000000000009": {
      "F_proj": 0.9192558149291393,
      "leakage": 0.10144134221698148
    },
    "0.0": {
      "F_proj": 0.9192558149291393,
      "leakage": 0.10144134221698148
    },
    "0.009999999999999995": {
      "F_proj": 0.9192558149291393,
      "leakage": 0.10144134221698148
    },
    "0.01999999999999999": {
      "F_proj": 0.9192558149291393,
      "leakage": 0.10144134221698148
    },
    "0.03": {
      "F_proj": 0.9192558149291393,
      "leakage": 0.10144134221698148
    },
    "0.04000000000000001": {
      "F_proj": 0.9192558149291393,
      "leakage": 0.10144134221698148
    },
    "0.04999999999999999": {
      "F_proj": 0.9192558149291393,
      "leakage": 0.10144134221698148
    },
    "0.06": {
      "F_proj": 0.9192558149291393,
      "leakage": 0.10144134221698148
    },
    "0.07": {
      "F_proj": 0.9192558149291393,
      "leakage": 0.10144134221698148
    },
    "0.07999999999999999": {
      "F_proj": 0.9192558149291393,
      "leakage": 0.10144134221698148
    },
    "0.09": {
      "F_proj": 0.9192558149291393,
      "leakage": 0.10144134221698148
    },
    "0.1": {
      "F_proj": 0.9192558149291393,
      "leakage": 0.10144134221698148
    }
  },
  "amp_error_sweep": {
    "-0.1": {
      "F_proj": 0.8812271536924243,
      "leakage": 0.1059841854430787
    },
    "-0.09000000000000001": {
      "F_proj": 0.8887732658665951,
      "leakage": 0.10535326655839872
    },
    "-0.08": {
      "F_proj": 0.8955075056254842,
      "leakage": 0.1047408682311739
    },
    "-0.07": {
      "F_proj": 0.9014197495843252,
      "leakage": 0.10415490588989668
    },
    "-0.060000000000000005": {
      "F_proj": 0.9065013608392256,
      "leakage": 0.10360326337176837
    },
    "-0.05": {
      "F_proj": 0.9107452098103294,
      "leakage": 0.10309375172709234
    },
    "-0.04000000000000001": {
      "F_proj": 0.9141456912456333,
      "leakage": 0.10263406826901247
    },
    "-0.03": {
      "F_proj": 0.916698737356456,
      "leakage": 0.10223175614397989
    },
    "-0.020000000000000004": {
      "F_proj": 0.9184018270697446,
      "leakage": 0.10189416469924789
    },
    "-0.010000000000000009": {
      "F_proj": 0.919253991396454,
      "leakage": 0.10162841092169209
    },
    "0.0": {
      "F_proj": 0.9192558149291393,
      "leakage": 0.10144134221698148
    },
    "0.009999999999999995": {
      "F_proj": 0.9184094334956432,
      "leakage": 0.10133950078941834
    },
    "0.01999999999999999": {
      "F_proj": 0.9167185280093492,
      "leakage": 0.10132908987041336
    },
    "0.03": {
      "F_proj": 0.914188314569954,
      "leakage": 0.10141594202760507
    },
    "0.04000000000000001": {
      "F_proj": 0.9108255308821193,
      "leakage": 0.10160548976715184
    },
    "0.04999999999999999": {
      "F_proj": 0.9066384190727826,
      "leakage": 0.10190273861895349
    },
    "0.06": {
      "F_proj": 0.9016367050014144,
      "leakage": 0.10231224286889765
    },
    "0.07": {
      "F_proj": 0.8958315741712063,
      "leakage": 0.10283808407408968
    },
    "0.07999999999999999": {
      "F_proj": 0.8892356443631823,
      "leakage": 0.10348385246708247
    },
    "0.09": {
      "F_proj": 0.8818629351296711,
      "leakage": 0.104252631323905
    },
    "0.1": {
      "F_proj": 0.8737288342985705,
      "leakage": 0.10514698433909334
    }
  },
  "dur_error_sweep": {
    "-0.15": {
      "F_proj": 0.9192558149291393,
      "leakage": 0.10144134221698148
    },
    "-0.135": {
      "F_proj": 0.9192558149291393,
      "leakage": 0.10144134221698148
    },
    "-0.12": {
      "F_proj": 0.9192558149291393,
      "leakage": 0.10144134221698148
    },
    "-0.105": {
      "F_proj": 0.9192558149291393,
      "leakage": 0.10144134221698148
    },
    "-0.09": {
      "F_proj": 0.9192558149291393,
      "leakage": 0.10144134221698148
    },
    "-0.075": {
      "F_proj": 0.9192558149291393,
      "leakage": 0.10144134221698148
    },
    "-0.06": {
      "F_proj": 0.9192558149291393,
      "leakage": 0.10144134221698148
    },
    "-0.045": {
      "F_proj": 0.9192558149291393,
      "leakage": 0.10144134221698148
    },
    "-0.03": {
      "F_proj": 0.9192558149291393,
      "leakage": 0.10144134221698148
    },
    "-0.014999999999999986": {
      "F_proj": 0.9192558149291393,
      "leakage": 0.10144134221698148
    },
    "0.0": {
      "F_proj": 0.9192558149291393,
      "leakage": 0.10144134221698148
    },
    "0.014999999999999986": {
      "F_proj": 0.9192558149291393,
      "leakage": 0.10144134221698148
    },
    "0.03": {
      "F_proj": 0.9192558149291393,
      "leakage": 0.10144134221698148
    },
    "0.04500000000000001": {
      "F_proj": 0.9192558149291393,
      "leakage": 0.10144134221698148
    },
    "0.06": {
      "F_proj": 0.9192558149291393,
      "leakage": 0.10144134221698148
    },
    "0.07499999999999998": {
      "F_proj": 0.9192558149291393,
      "leakage": 0.10144134221698148
    },
    "0.09": {
      "F_proj": 0.9192558149291393,
      "leakage": 0.10144134221698148
    },
    "0.10500000000000001": {
      "F_proj": 0.9192558149291393,
      "leakage": 0.10144134221698148
    },
    "0.12000000000000002": {
      "F_proj": 0.9192558149291393,
      "leakage": 0.10144134221698148
    },
    "0.13499999999999998": {
      "F_proj": 0.9192558149291393,
      "leakage": 0.10144134221698148
    },
    "0.15": {
      "F_proj": 0.9192558149291393,
      "leakage": 0.10144134221698148
    }
  },
  "phi_offset_sweep": {
    "-0.2": 0.9102812508221731,
    "-0.18000000000000002": 0.911997018821676,
    "-0.16": 0.9135322344743587,
    "-0.14": 0.9148862845976523,
    "-0.12000000000000001": 0.9160586287403866,
    "-0.1": 0.9170487993974301,
    "-0.08000000000000002": 0.9178564021955354,
    "-0.06": 0.9184811160503079,
    "-0.04000000000000001": 0.9189226932942393,
    "-0.020000000000000018": 0.9191809597757394,
    "0.0": 0.9192558149291393,
    "0.01999999999999999": 0.9191472318156251,
    "0.03999999999999998": 0.9188552571350935,
    "0.06": 0.9183800112089224,
    "0.08000000000000002": 0.9177216879336675,
    "0.09999999999999998": 0.916880554705705,
    "0.12": 0.9158569523168555,
    "0.14": 0.9146512948210371,
    "0.15999999999999998": 0.9132640693720051,
    "0.18": 0.9116958360322539,
    "0.2": 0.9099472275531617
  },
  "sensitivity_summary": {
    "chi_rms_drop": 0.0,
    "amp_rms_drop": 0.005791167424269523,
    "dur_rms_drop": 0.0,
    "phi_rms_drop": 0.0012240276656555551
  }
}