{
  "B2_amp0.3": {
    "label": "B2_amp0.3",
    "fidelity": 0.5631016446827338,
    "objective": 0.436898964404129,
    "success": true,
    "elapsed_s": 339.6914639000024,
    "max_amp": 0.3,
    "disp_amps": [
      0.3,
      0.29999999999999993,
      0.29999913010377477
    ],
    "strategy": "D+SQR+CP",
    "n_blocks": 2,
    "n_cav_opt": 2
  },
  "B2_amp0.5": {
    "label": "B2_amp0.5",
    "fidelity": 0.7907068669812819,
    "objective": 0.20929439559690696,
    "success": true,
    "elapsed_s": 205.30871469998965,
    "max_amp": 0.5,
    "disp_amps": [
      0.5,
      0.5000000000000001,
      0.49999999999999994
    ],
    "strategy": "D+SQR+CP",
    "n_blocks": 2,
    "n_cav_opt": 2
  },
  "B2_unbounded": {
    "label": "B2_unbounded",
    "fidelity": 1.0,
    "objective": 0.0,
    "success": true,
    "elapsed_s": 199.56498500000453,
    "max_amp": null,
    "disp_amps": [
      0.7853981547761346,
      0.7853981514924424,
      0.7853981600733175
    ],
    "strategy": "D+SQR+CP",
    "n_blocks": 2,
    "n_cav_opt": 2
  },
  "D3_amp0.3": {
    "label": "D3_amp0.3",
    "fidelity": 0.637849537971844,
    "objective": 0.3621525344813386,
    "success": true,
    "elapsed_s": 307.52889020000293,
    "max_amp": 0.3,
    "disp_amps": [
      0.29999999999999993,
      0.3,
      0.30000000000000004,
      0.3
    ],
    "strategy": "D+R+FE",
    "n_blocks": 3,
    "n_cav_opt": 2
  },
  "D3_amp0.5": {
    "label": "D3_amp0.5",
    "fidelity": 0.8026204281570833,
    "objective": 0.19738269678996187,
    "success": true,
    "elapsed_s": 169.67145670000173,
    "max_amp": 0.5,
    "disp_amps": [
      0.5,
      0.49999999999999994,
      0.5,
      0.5
    ],
    "strategy": "D+R+FE",
    "n_blocks": 3,
    "n_cav_opt": 2
  },
  "D3_unbounded": {
    "label": "D3_unbounded",
    "fidelity": 0.9999999999999999,
    "objective": 1.1102230246251565e-16,
    "success": true,
    "elapsed_s": 304.4658960000088,
    "max_amp": null,
    "disp_amps": [
      0.785398175524912,
      0.05937460310551366,
      0.7943811745369004,
      0.7853981622152078
    ],
    "strategy": "D+R+FE",
    "n_blocks": 3,
    "n_cav_opt": 2
  }
}