{
  "configs": {
    "B2_amp0.3": {
      "label": "B2_amp0.3",
      "fidelity": 0.5631016446827338,
      "objective": 0.436898964404129,
      "success": true,
      "elapsed_s": 339.6914639000024,
      "max_amp": 0.3,
      "disp_amps": [
        0.3,
        0.29999999999999993,
        0.29999913010377477
      ],
      "strategy": "D+SQR+CP",
      "n_blocks": 2,
      "n_cav_opt": 2
    },
    "B2_amp0.5": {
      "label": "B2_amp0.5",
      "fidelity": 0.7907068669812819,
      "objective": 0.20929439559690696,
      "success": true,
      "elapsed_s": 205.30871469998965,
      "max_amp": 0.5,
      "disp_amps": [
        0.5,
        0.5000000000000001,
        0.49999999999999994
      ],
      "strategy": "D+SQR+CP",
      "n_blocks": 2,
      "n_cav_opt": 2
    },
    "B2_unbounded": {
      "label": "B2_unbounded",
      "fidelity": 1.0,
      "objective": 0.0,
      "success": true,
      "elapsed_s": 199.56498500000453,
      "max_amp": null,
      "disp_amps": [
        0.7853981547761346,
        0.7853981514924424,
        0.7853981600733175
      ],
      "strategy": "D+SQR+CP",
      "n_blocks": 2,
      "n_cav_opt": 2
    },
    "D3_amp0.3": {
      "label": "D3_amp0.3",
      "fidelity": 0.637849537971844,
      "objective": 0.3621525344813386,
      "success": true,
      "elapsed_s": 307.52889020000293,
      "max_amp": 0.3,
      "disp_amps": [
        0.29999999999999993,
        0.3,
        0.30000000000000004,
        0.3
      ],
      "strategy": "D+R+FE",
      "n_blocks": 3,
      "n_cav_opt": 2
    },
    "D3_amp0.5": {
      "label": "D3_amp0.5",
      "fidelity": 0.8026204281570833,
      "objective": 0.19738269678996187,
      "success": true,
      "elapsed_s": 169.67145670000173,
      "max_amp": 0.5,
      "disp_amps": [
        0.5,
        0.49999999999999994,
        0.5,
        0.5
      ],
      "strategy": "D+R+FE",
      "n_blocks": 3,
      "n_cav_opt": 2
    },
    "D3_unbounded": {
      "label": "D3_unbounded",
      "fidelity": 0.9999999999999999,
      "objective": 1.1102230246251565e-16,
      "success": true,
      "elapsed_s": 304.4658960000088,
      "max_amp": null,
      "disp_amps": [
        0.785398175524912,
        0.05937460310551366,
        0.7943811745369004,
        0.7853981622152078
      ],
      "strategy": "D+R+FE",
      "n_blocks": 3,
      "n_cav_opt": 2
    },
    "dur_opt": {
      "label": "dur_opt",
      "fidelity": 0.6378869668722384,
      "objective": 0.3669852553686603,
      "success": true,
      "elapsed_s": 185.9501433000114,
      "max_amp": 0.3,
      "disp_amps": [
        0.29999999999999993,
        0.3,
        0.3,
        0.3
      ],
      "strategy": "D+R+FE",
      "n_blocks": 3,
      "n_cav_opt": 2
    }
  },
  "cross_ncav": {
    "B2_amp0.3": {
      "nc2": 0.5631016446827338,
      "nc4": 0.5292178949607508,
      "leak_nc4": 0.03889252995369133,
      "nc6": 0.5290602323050094,
      "leak_nc6": 0.03994304388487671,
      "nc8": 0.529059955048651,
      "leak_nc8": 0.03994451885888009,
      "nc12": 0.5290599550068676,
      "leak_nc12": 0.03994451913622407
    },
    "B2_amp0.5": {
      "nc2": 0.7907068669812819,
      "nc4": 0.49912808353046983,
      "leak_nc4": 0.4912992187963039,
      "nc6": 0.5004557709494681,
      "leak_nc6": 0.48552685993381833,
      "nc8": 0.5004709230390543,
      "leak_nc8": 0.485605616924097,
      "nc12": 0.500470929510702,
      "leak_nc12": 0.4856061285780915
    },
    "B2_unbounded": {
      "nc2": 1.0,
      "nc4": 0.4812815831035686,
      "leak_nc4": 0.2613375403763848,
      "nc6": 0.43759529880366743,
      "leak_nc6": 0.39481910477763316,
      "nc8": 0.4395310656177695,
      "leak_nc8": 0.4078287701730907,
      "nc12": 0.43963801205037983,
      "leak_nc12": 0.4075189266041503
    },
    "D3_amp0.3": {
      "nc2": 0.637849537971844,
      "nc4": 0.546986994781217,
      "leak_nc4": 0.22674534914216196,
      "nc6": 0.546517801285675,
      "leak_nc6": 0.22774886691423304,
      "nc8": 0.5465155512820974,
      "leak_nc8": 0.22775357768211774,
      "nc12": 0.5465155460534316,
      "leak_nc12": 0.22775358686322875
    },
    "D3_amp0.5": {
      "nc2": 0.8026204281570833,
      "nc4": 0.49315126565278505,
      "leak_nc4": 0.43442354968529834,
      "nc6": 0.47701867100768724,
      "leak_nc6": 0.4735977096696318,
      "nc8": 0.4768721702418188,
      "leak_nc8": 0.47849299054088384,
      "nc12": 0.47688486372108624,
      "leak_nc12": 0.47859202967023035
    },
    "D3_unbounded": {
      "nc2": 0.9999999999999999,
      "nc4": 0.5407241427459514,
      "leak_nc4": 0.4965672722076576,
      "nc6": 0.5011351261555932,
      "leak_nc6": 0.550107549130871,
      "nc8": 0.5072784795265972,
      "leak_nc8": 0.5521599796693727,
      "nc12": 0.5073068887982505,
      "leak_nc12": 0.5523419348069688
    }
  },
  "wigner_summary": {
    "|g,0>": {
      "cavity_fidelity": 0.8839098300415471,
      "l2_distance": 0.18841546663601236
    },
    "|g,1>": {
      "cavity_fidelity": 0.5444101043962924,
      "l2_distance": 0.33865488158265833
    },
    "|e,0>": {
      "cavity_fidelity": 0.8147153390074529,
      "l2_distance": 0.22961802170620657
    },
    "|e,1>": {
      "cavity_fidelity": 0.498988526637972,
      "l2_distance": 0.3642677746865783
    }
  }
}