{
  "label": "B2_amp0.3_duration_penalized",
  "success": true,
  "objective": 0.4373501398561653,
  "fidelity_nc2": 0.5634270884014652,
  "fidelity_nc12": 0.530454651654672,
  "avg_leakage_nc12": 0.036845088687940564,
  "elapsed_s": 333.23875010000484,
  "max_amp": 0.3,
  "duration_weight": 0.01,
  "total_duration_ns": 180.0,
  "gate_durations_ns": {
    "D0": 20.0,
    "S0": 20.0,
    "CP0": 20.0,
    "S1": 20.0,
    "D1": 20.0,
    "S2": 20.0,
    "CP1": 20.0,
    "S3": 20.0,
    "D2": 20.0
  },
  "disp_amps": [
    0.30000000000000004,
    0.29999999999999993,
    0.3
  ]
}