{
  "parameters": {
    "T1_qubit_us": 30.0,
    "T2_qubit_us": 20.0,
    "T1_cavity_us": 200.0,
    "tau_cz_ns": 176.056338028169
  },
  "budget": {
    "B_D+SQR+CP_2blk_ideal": {
      "label": "D+SQR+CP (2 blocks, ideal)",
      "total_time_ns": 3000,
      "total_time_us": 3.0,
      "F_coherence": 0.8607079764250578,
      "F_ideal": 1.0,
      "F_combined": 0.8607079764250578
    },
    "D_D+R+FE_2blk_ideal": {
      "label": "D+R+FE (2 blocks, ideal)",
      "total_time_ns": 1252,
      "total_time_us": 1.252,
      "F_coherence": 0.9393191262041032,
      "F_ideal": 0.9999,
      "F_combined": 0.9392251942914828
    },
    "GRAPE_200ns": {
      "label": "GRAPE 200 ns",
      "total_time_ns": 200,
      "total_time_us": 0.2,
      "F_coherence": 0.9900498337491681,
      "F_ideal": 0.9966,
      "F_combined": 0.986683664314421
    },
    "GRAPE_300ns": {
      "label": "GRAPE 300 ns",
      "total_time_ns": 300,
      "total_time_us": 0.3,
      "F_coherence": 0.9851119396030626,
      "F_ideal": 0.9957,
      "F_combined": 0.9808759582627695
    },
    "GRAPE_400ns": {
      "label": "GRAPE 400 ns",
      "total_time_ns": 400,
      "total_time_us": 0.4,
      "F_coherence": 0.9801986733067553,
      "F_ideal": 0.999,
      "F_combined": 0.9792184746334485
    },
    "GRAPE_500ns": {
      "label": "GRAPE 500 ns",
      "total_time_ns": 500,
      "total_time_us": 0.5,
      "F_coherence": 0.9753099120283326,
      "F_ideal": null,
      "F_combined": null
    },
    "GRAPE_600ns": {
      "label": "GRAPE 600 ns",
      "total_time_ns": 600,
      "total_time_us": 0.6,
      "F_coherence": 0.9704455335485082,
      "F_ideal": null,
      "F_combined": null
    },
    "GRAPE_800ns": {
      "label": "GRAPE 800 ns",
      "total_time_ns": 800,
      "total_time_us": 0.8,
      "F_coherence": 0.9607894391523232,
      "F_ideal": null,
      "F_combined": null
    }
  }
}