{
  "n_active": 1,
  "chi_t_over_2pi": 3.0,
  "duration_s": 1.0563380281690138e-06,
  "targets": [
    {
      "n": 0,
      "theta_target_rad": 0.6283185307179586,
      "phi_target_rad": 0.0,
      "weight": 1.0
    }
  ],
  "analytic_corrections": {
    "d_lambda": [
      -0.003273671383306852
    ],
    "d_alpha_rad": [
      0.0
    ],
    "d_omega_hz": [
      0.0
    ]
  },
  "state_opt_corrections": {
    "d_lambda": [
      -1.104901924813357e-05
    ],
    "d_alpha_rad": [
      8.523019263673835e-08
    ],
    "d_omega_hz": [
      -0.030675298646304586
    ]
  },
  "unitary_opt_corrections": {
    "d_lambda": [
      0.0
    ],
    "d_alpha_rad": [
      0.0
    ],
    "d_omega_hz": [
      0.0
    ]
  },
  "tone_specs": [
    {
      "n": 0,
      "omega_rad_s": 0.0,
      "amp_rad_s": 297404.10453983385,
      "phase_rad": 0.0
    }
  ]
}