{
  "baseline": {
    "delta_final_mean_storage_n": 0.0,
    "delta_final_readout_n": 0.0,
    "delta_final_transmon_excited_population": 0.0,
    "delta_frequency_kHz": 0.0,
    "delta_success_probability": 0.0,
    "dt_ns": 0.25,
    "final_mean_storage_n": 2.9920590544321595,
    "final_readout_n": 0.01761130399336569,
    "final_transmon_excited_population": 0.004978918964963626,
    "label": "baseline",
    "n_readout": 3,
    "n_storage": 7,
    "n_tr": 4,
    "storage_sideband_lab_GHz": 6.7870725084416375,
    "success_probability": 0.9620198123172237
  },
  "n_target": 4,
  "rows": [
    {
      "delta_final_mean_storage_n": 0.0,
      "delta_final_readout_n": 0.0,
      "delta_final_transmon_excited_population": 0.0,
      "delta_frequency_kHz": 0.0,
      "delta_success_probability": 0.0,
      "dt_ns": 0.25,
      "final_mean_storage_n": 2.9920590544321595,
      "final_readout_n": 0.01761130399336569,
      "final_transmon_excited_population": 0.004978918964963626,
      "label": "baseline",
      "n_readout": 3,
      "n_storage": 7,
      "n_tr": 4,
      "storage_sideband_lab_GHz": 6.7870725084416375,
      "success_probability": 0.9620198123172237
    },
    {
      "delta_final_mean_storage_n": -3.4411624016961184e-06,
      "delta_final_readout_n": 5.245833606393191e-08,
      "delta_final_transmon_excited_population": 5.272586105151134e-07,
      "delta_frequency_kHz": 0.0,
      "delta_success_probability": 2.7862709796044882e-06,
      "dt_ns": 0.25,
      "final_mean_storage_n": 2.9920556132697578,
      "final_readout_n": 0.017611356451701754,
      "final_transmon_excited_population": 0.004979446223574141,
      "label": "transmon_5",
      "n_readout": 3,
      "n_storage": 7,
      "n_tr": 5,
      "storage_sideband_lab_GHz": 6.7870725084416375,
      "success_probability": 0.9620225985882033
    },
    {
      "delta_final_mean_storage_n": -6.594762638201246e-07,
      "delta_final_readout_n": 8.083184129328846e-08,
      "delta_final_transmon_excited_population": -3.833167245575857e-06,
      "delta_frequency_kHz": 0.0,
      "delta_success_probability": 4.35214505623005e-06,
      "dt_ns": 0.25,
      "final_mean_storage_n": 2.9920583949558957,
      "final_readout_n": 0.017611384825206983,
      "final_transmon_excited_population": 0.00497508579771805,
      "label": "storage_6",
      "n_readout": 3,
      "n_storage": 6,
      "n_tr": 4,
      "storage_sideband_lab_GHz": 6.7870725084416375,
      "success_probability": 0.9620241644622799
    },
    {
      "delta_final_mean_storage_n": -2.3115696263786845e-06,
      "delta_final_readout_n": 1.2584800680726094e-08,
      "delta_final_transmon_excited_population": 1.6007044984847618e-06,
      "delta_frequency_kHz": 0.0,
      "delta_success_probability": 6.620289354497544e-07,
      "dt_ns": 0.25,
      "final_mean_storage_n": 2.992056742862533,
      "final_readout_n": 0.01761131657816637,
      "final_transmon_excited_population": 0.004980519669462111,
      "label": "storage_8",
      "n_readout": 3,
      "n_storage": 8,
      "n_tr": 4,
      "storage_sideband_lab_GHz": 6.7870725084416375,
      "success_probability": 0.9620204743461591
    },
    {
      "delta_final_mean_storage_n": 5.709520136232271e-06,
      "delta_final_readout_n": 7.798340493150868e-08,
      "delta_final_transmon_excited_population": -9.982165784813354e-06,
      "delta_frequency_kHz": 0.0,
      "delta_success_probability": 4.215607418145417e-06,
      "dt_ns": 0.25,
      "final_mean_storage_n": 2.9920647639522957,
      "final_readout_n": 0.01761138197677062,
      "final_transmon_excited_population": 0.004968936799178813,
      "label": "readout_2",
      "n_readout": 2,
      "n_storage": 7,
      "n_tr": 4,
      "storage_sideband_lab_GHz": 6.7870725084416375,
      "success_probability": 0.9620240279246418
    },
    {
      "delta_final_mean_storage_n": -4.20640560649943e-06,
      "delta_final_readout_n": 8.500784831159958e-07,
      "delta_final_transmon_excited_population": -4.352358406062556e-05,
      "delta_frequency_kHz": 0.0,
      "delta_success_probability": 4.627494054265657e-05,
      "dt_ns": 0.25,
      "final_mean_storage_n": 2.992054848026553,
      "final_readout_n": 0.017612154071848806,
      "final_transmon_excited_population": 0.0049353953809030005,
      "label": "readout_4",
      "n_readout": 4,
      "n_storage": 7,
      "n_tr": 4,
      "storage_sideband_lab_GHz": 6.7870725084416375,
      "success_probability": 0.9620660872577663
    },
    {
      "delta_final_mean_storage_n": -8.641973189904562e-05,
      "delta_final_readout_n": 1.6940843951887552e-06,
      "delta_final_transmon_excited_population": -9.592869513639149e-06,
      "delta_frequency_kHz": 0.0,
      "delta_success_probability": 9.219313874453405e-05,
      "dt_ns": 0.125,
      "final_mean_storage_n": 2.9919726347002604,
      "final_readout_n": 0.01761299807776088,
      "final_transmon_excited_population": 0.004969326095449987,
      "label": "dt_0p125",
      "n_readout": 3,
      "n_storage": 7,
      "n_tr": 4,
      "storage_sideband_lab_GHz": 6.7870725084416375,
      "success_probability": 0.9621120054559682
    },
    {
      "delta_final_mean_storage_n": 0.00016871955421349227,
      "delta_final_readout_n": -5.927362295984201e-06,
      "delta_final_transmon_excited_population": 0.00018271273821487185,
      "delta_frequency_kHz": 0.0,
      "delta_success_probability": -0.00033943238254507957,
      "dt_ns": 0.5,
      "final_mean_storage_n": 2.992227773986373,
      "final_readout_n": 0.017605376631069706,
      "final_transmon_excited_population": 0.005161631703178498,
      "label": "dt_0p5",
      "n_readout": 3,
      "n_storage": 7,
      "n_tr": 4,
      "storage_sideband_lab_GHz": 6.7870725084416375,
      "success_probability": 0.9616803799346786
    }
  ],
  "runtime_s": 12.640759468078613
}