{
  "A_ent": {
    "block_drop": 0.0012333562155978361,
    "label": "A_ent",
    "max_leakage_average": 0.0,
    "min_block_fidelity": 0.9987666016740907,
    "min_strict_fidelity": 0.9987665701303281,
    "nominal_block_fidelity": 0.9999999578896885,
    "nominal_strict_fidelity": 0.999999926306956,
    "scenarios": {
      "amp_minus_2pct": {
        "block_fidelity": 0.9987666016740907,
        "duration_ns": 256.0,
        "leakage_average": 0.0,
        "leakage_worst": 0.0,
        "strict_fidelity": 0.9987665701303281
      },
      "amp_plus_2pct": {
        "block_fidelity": 0.9987666029910924,
        "duration_ns": 256.0,
        "leakage_average": 0.0,
        "leakage_worst": 0.0,
        "strict_fidelity": 0.9987665714473298
      },
      "chi_minus_1pct": {
        "block_fidelity": 0.999935682616758,
        "duration_ns": 256.0,
        "leakage_average": 0.0,
        "leakage_worst": 0.0,
        "strict_fidelity": 0.9999028572582169
      },
      "chi_plus_1pct": {
        "block_fidelity": 0.9999409445921589,
        "duration_ns": 256.0,
        "leakage_average": 0.0,
        "leakage_worst": 0.0,
        "strict_fidelity": 0.9999120653656424
      },
      "dur_plus_2pct": {
        "block_fidelity": 0.9997586572755002,
        "duration_ns": 261.12,
        "leakage_average": 0.0,
        "leakage_worst": 0.0,
        "strict_fidelity": 0.9996393123524333
      }
    },
    "strict_drop": 0.0012333561766278978
  },
  "A_local": {
    "block_drop": 0.0002168949474995463,
    "label": "A_local",
    "max_leakage_average": 0.019936246182987838,
    "min_block_fidelity": 0.9885172544109879,
    "min_strict_fidelity": 0.988517254291802,
    "nominal_block_fidelity": 0.9887341493584875,
    "nominal_strict_fidelity": 0.9887341492519593,
    "scenarios": {
      "amp_minus_2pct": {
        "block_fidelity": 0.9885172544109879,
        "duration_ns": 1260.0,
        "leakage_average": 0.01714745038557297,
        "leakage_worst": 0.028461138031440236,
        "strict_fidelity": 0.988517254291802
      },
      "amp_plus_2pct": {
        "block_fidelity": 0.9887342147790061,
        "duration_ns": 1260.0,
        "leakage_average": 0.019936246182987838,
        "leakage_worst": 0.03276887104216086,
        "strict_fidelity": 0.9887342146845969
      },
      "chi_minus_1pct": {
        "block_fidelity": 0.9887341493584875,
        "duration_ns": 1260.0,
        "leakage_average": 0.01850508779570459,
        "leakage_worst": 0.030566480198653156,
        "strict_fidelity": 0.9887341492519593
      },
      "chi_plus_1pct": {
        "block_fidelity": 0.9887341493584875,
        "duration_ns": 1260.0,
        "leakage_average": 0.01850508779570459,
        "leakage_worst": 0.030566480198653156,
        "strict_fidelity": 0.9887341492519593
      },
      "dur_plus_2pct": {
        "block_fidelity": 0.9887341493584875,
        "duration_ns": 1285.2,
        "leakage_average": 0.01850508779570459,
        "leakage_worst": 0.030566480198653156,
        "strict_fidelity": 0.9887341492519593
      }
    },
    "strict_drop": 0.00021689496015731002
  },
  "B_ent": {
    "block_drop": 0.0002467198176030472,
    "label": "B_ent",
    "max_leakage_average": 5.551115123125783e-17,
    "min_block_fidelity": 0.999753280182397,
    "min_strict_fidelity": 0.7069323454568092,
    "nominal_block_fidelity": 1.0,
    "nominal_strict_fidelity": 0.7071067811865476,
    "scenarios": {
      "amp_minus_2pct": {
        "block_fidelity": 0.999753280182397,
        "duration_ns": 1100.0,
        "leakage_average": 0.0,
        "leakage_worst": 0.0,
        "strict_fidelity": 0.7069323454568092
      },
      "amp_plus_2pct": {
        "block_fidelity": 0.9997532801833537,
        "duration_ns": 1100.0,
        "leakage_average": 5.551115123125783e-17,
        "leakage_worst": 1.1102230246251565e-16,
        "strict_fidelity": 0.7069323454574855
      },
      "chi_minus_1pct": {
        "block_fidelity": 1.0,
        "duration_ns": 1100.0,
        "leakage_average": 0.0,
        "leakage_worst": 0.0,
        "strict_fidelity": 0.7071067811865476
      },
      "chi_plus_1pct": {
        "block_fidelity": 1.0,
        "duration_ns": 1100.0,
        "leakage_average": 0.0,
        "leakage_worst": 0.0,
        "strict_fidelity": 0.7071067811865476
      },
      "dur_plus_2pct": {
        "block_fidelity": 1.0,
        "duration_ns": 1122.0,
        "leakage_average": 0.0,
        "leakage_worst": 0.0,
        "strict_fidelity": 0.7071067811865476
      }
    },
    "strict_drop": 0.00017443572973840915
  },
  "B_local": {
    "block_drop": 0.004197775021263062,
    "label": "B_local",
    "max_leakage_average": 0.13963210248275512,
    "min_block_fidelity": 0.8572556989446491,
    "min_strict_fidelity": 0.8572556989446491,
    "nominal_block_fidelity": 0.8614534739659122,
    "nominal_strict_fidelity": 0.8614534739659122,
    "scenarios": {
      "amp_minus_2pct": {
        "block_fidelity": 0.8572556989446491,
        "duration_ns": 2440.0,
        "leakage_average": 0.1304369789596289,
        "leakage_worst": 0.25054331854987655,
        "strict_fidelity": 0.8572556989446491
      },
      "amp_plus_2pct": {
        "block_fidelity": 0.8581263609415606,
        "duration_ns": 2440.0,
        "leakage_average": 0.13963210248275512,
        "leakage_worst": 0.267240804580557,
        "strict_fidelity": 0.8581263609415606
      },
      "chi_minus_1pct": {
        "block_fidelity": 0.8614534739659121,
        "duration_ns": 2440.0,
        "leakage_average": 0.13501729029527695,
        "leakage_worst": 0.2588802823044052,
        "strict_fidelity": 0.8614534739659121
      },
      "chi_plus_1pct": {
        "block_fidelity": 0.8614534739659121,
        "duration_ns": 2440.0,
        "leakage_average": 0.13501729029527695,
        "leakage_worst": 0.2588802823044052,
        "strict_fidelity": 0.8614534739659121
      },
      "dur_plus_2pct": {
        "block_fidelity": 0.8614534739659121,
        "duration_ns": 2488.8,
        "leakage_average": 0.13501729029527695,
        "leakage_worst": 0.2588802823044052,
        "strict_fidelity": 0.8614534739659121
      }
    },
    "strict_drop": 0.004197775021263062
  },
  "C_ent": {
    "block_drop": 0.0021904955891393074,
    "label": "C_ent",
    "max_leakage_average": 6.661338147750939e-16,
    "min_block_fidelity": 0.5054910027756153,
    "min_strict_fidelity": 0.49901447467211235,
    "nominal_block_fidelity": 0.5076814983647546,
    "nominal_strict_fidelity": 0.49999999999999994,
    "scenarios": {
      "amp_minus_2pct": {
        "block_fidelity": 0.5054910027756153,
        "duration_ns": 440.0,
        "leakage_average": 6.106226635438361e-16,
        "leakage_worst": 1.3322676295501878e-15,
        "strict_fidelity": 0.49901447467211235
      },
      "amp_plus_2pct": {
        "block_fidelity": 0.5078677132793533,
        "duration_ns": 440.0,
        "leakage_average": 6.106226635438361e-16,
        "leakage_worst": 1.2212453270876722e-15,
        "strict_fidelity": 0.499014474747613
      },
      "chi_minus_1pct": {
        "block_fidelity": 0.5076814983647546,
        "duration_ns": 440.0,
        "leakage_average": 6.661338147750939e-16,
        "leakage_worst": 1.3322676295501878e-15,
        "strict_fidelity": 0.4999999999999999
      },
      "chi_plus_1pct": {
        "block_fidelity": 0.5076814983647546,
        "duration_ns": 440.0,
        "leakage_average": 6.661338147750939e-16,
        "leakage_worst": 1.3322676295501878e-15,
        "strict_fidelity": 0.4999999999999999
      },
      "dur_plus_2pct": {
        "block_fidelity": 0.5076814983647546,
        "duration_ns": 448.8,
        "leakage_average": 6.661338147750939e-16,
        "leakage_worst": 1.3322676295501878e-15,
        "strict_fidelity": 0.4999999999999999
      }
    },
    "strict_drop": 0.000985525327887593
  },
  "C_local": {
    "block_drop": 0.0012215755180956522,
    "label": "C_local",