{
  "best_single_qubit_mle_mean_fidelity": 0.9985614474129451,
  "coherence_combined_residual": 0.13874443898912447,
  "coherence_wait_residual": 1.6166553364287884e-16,
  "exact_gauge_family_count": 2,
  "full_state_objective_span": 16.332814588271916,
  "full_state_probability_std_by_sector": [
    0.43293408829022234,
    0.4838708562478158,
    0.3305855396521281,
    0.4322294292111298
  ],
  "identifiability": {
    "combined": {
      "full_condition_number": 2.342813981240468,
      "full_rank": 9,
      "n_settings": 45,
      "smallest_singular_value": 3.1892321138418627,
      "smallest_transverse_singular_value": 3.1892321138418627,
      "transverse_condition_number": 2.3428139812404685,
      "transverse_rank": 8
    },
    "displacement_only": {
      "full_condition_number": null,
      "full_rank": 3,
      "n_settings": 7,
      "smallest_singular_value": 5.73711380425254e-17,
      "smallest_transverse_singular_value": 7.498643789392967e-17,
      "transverse_condition_number": null,
      "transverse_rank": 2
    },
    "wait_only": {
      "full_condition_number": 1.2063691182986809,
      "full_rank": 9,
      "n_settings": 11,
      "smallest_singular_value": 3.1264250472470527,
      "smallest_transverse_singular_value": 3.1264250472470514,
      "transverse_condition_number": 1.2063691182986813,
      "transverse_rank": 8
    }
  },
  "protocol_summary": [
    {
      "count": 16,
      "protocol": "wait_only",
      "shots": 100,
      "weighted_rmse_max": 0.0593835870701889,
      "weighted_rmse_mean": 0.039549378004536326,
      "weighted_rmse_median": 0.03938461580432478,
      "weighted_rmse_min": 0.02161969544200141,
      "weighted_rmse_std": 0.008867005145541399
    },
    {
      "count": 16,
      "protocol": "wait_only",
      "shots": 300,
      "weighted_rmse_max": 0.0314049184237765,
      "weighted_rmse_mean": 0.021196283253545445,
      "weighted_rmse_median": 0.02033993804382154,
      "weighted_rmse_min": 0.013269943413529176,
      "weighted_rmse_std": 0.005746742301287198
    },
    {
      "count": 16,
      "protocol": "wait_only",
      "shots": 1000,
      "weighted_rmse_max": 0.01902284308446001,
      "weighted_rmse_mean": 0.013982537737474227,
      "weighted_rmse_median": 0.01386366624079212,
      "weighted_rmse_min": 0.008556686770527205,
      "weighted_rmse_std": 0.002107765661541637
    },
    {
      "count": 16,
      "protocol": "wait_only",
      "shots": 3000,
      "weighted_rmse_max": 0.011684284059507173,
      "weighted_rmse_mean": 0.007326387623289571,
      "weighted_rmse_median": 0.0074698579244865185,
      "weighted_rmse_min": 0.0033970863379940977,
      "weighted_rmse_std": 0.0025169450164686745
    },
    {
      "count": 16,
      "protocol": "wait_only",
      "shots": 10000,
      "weighted_rmse_max": 0.006161739061175406,
      "weighted_rmse_mean": 0.004144025064770678,
      "weighted_rmse_median": 0.004003124553281641,
      "weighted_rmse_min": 0.0020004745502875,
      "weighted_rmse_std": 0.0012116521577792557
    },
    {
      "count": 16,
      "protocol": "displacement_only",
      "shots": 100,
      "weighted_rmse_max": 0.2183593537090283,
      "weighted_rmse_mean": 0.21704073278587827,
      "weighted_rmse_median": 0.21689408087861617,
      "weighted_rmse_min": 0.21662892527080163,
      "weighted_rmse_std": 0.0004377783619268537
    },
    {
      "count": 16,
      "protocol": "displacement_only",
      "shots": 300,
      "weighted_rmse_max": 0.21722949407704106,
      "weighted_rmse_mean": 0.21675470474814057,
      "weighted_rmse_median": 0.21671111664651915,
      "weighted_rmse_min": 0.2166240342947287,
      "weighted_rmse_std": 0.00014564549623355484
    },
    {
      "count": 16,
      "protocol": "displacement_only",
      "shots": 1000,
      "weighted_rmse_max": 0.21672854436855438,
      "weighted_rmse_mean": 0.21665254381229174,
      "weighted_rmse_median": 0.21664536102096213,
      "weighted_rmse_min": 0.2166180700904483,
      "weighted_rmse_std": 3.085603451890758e-05
    },
    {
      "count": 16,
      "protocol": "displacement_only",
      "shots": 3000,
      "weighted_rmse_max": 0.21665815224672963,
      "weighted_rmse_mean": 0.21662928694937325,
      "weighted_rmse_median": 0.21662689451161987,
      "weighted_rmse_min": 0.21661781431017563,
      "weighted_rmse_std": 1.1134223853619422e-05
    },
    {
      "count": 16,
      "protocol": "displacement_only",
      "shots": 10000,
      "weighted_rmse_max": 0.21662339593611382,
      "weighted_rmse_mean": 0.2166184240395359,
      "weighted_rmse_median": 0.21661821914287732,
      "weighted_rmse_min": 0.21661636899794198,
      "weighted_rmse_std": 1.973400335853361e-06
    },
    {
      "count": 16,
      "protocol": "combined",
      "shots": 100,
      "weighted_rmse_max": 0.04662854712671327,
      "weighted_rmse_mean": 0.030960603043253203,
      "weighted_rmse_median": 0.03024706293190611,
      "weighted_rmse_min": 0.013923068839225025,
      "weighted_rmse_std": 0.00856207554536145
    },
    {
      "count": 16,
      "protocol": "combined",
      "shots": 300,
      "weighted_rmse_max": 0.027815782276727378,
      "weighted_rmse_mean": 0.017989214603499577,
      "weighted_rmse_median": 0.018969583372848403,
      "weighted_rmse_min": 0.01154010955461703,
      "weighted_rmse_std": 0.004311753190420089
    },
    {
      "count": 16,
      "protocol": "combined",
      "shots": 1000,
      "weighted_rmse_max": 0.014615053310595462,
      "weighted_rmse_mean": 0.009352260066558862,
      "weighted_rmse_median": 0.009298829138249719,
      "weighted_rmse_min": 0.006047146303370035,
      "weighted_rmse_std": 0.0022661896149332073
    },
    {
      "count": 16,
      "protocol": "combined",
      "shots": 3000,
      "weighted_rmse_max": 0.00788504898258244,
      "weighted_rmse_mean": 0.005583710712820754,
      "weighted_rmse_median": 0.0054349477324414485,
      "weighted_rmse_min": 0.003809291224246272,
      "weighted_rmse_std": 0.0012649497812166881
    },
    {
      "count": 16,
      "protocol": "combined",
      "shots": 10000,
      "weighted_rmse_max": 0.005972466963636514,
      "weighted_rmse_mean": 0.0029516653651082006,
      "weighted_rmse_median": 0.00267695261854994,
      "weighted_rmse_min": 0.0012058116920841508,
      "weighted_rmse_std": 0.001221178796031128
    }
  ],
  "pulse_best_case": {
    "case_id": "pulse_optimized_mix_g",
    "max_abs_error": 0.0030796057588416085,
    "mean_abs_error": 0.002489532867191529,
    "model_class": "pulse_level",
    "protocol": "combined",
    "residual_rms": 0.019000954389870144,
    "weighted_rmse": 0.002600532748325747,
    "z_total_error": -0.000596952329756123
  },
  "pulse_worst_case": {
    "case_id": "pulse_optimized_leakage_replay",
    "max_abs_error": 0.49806911194477654,
    "mean_abs_error": 0.17451980291770963,
    "model_class": "pulse_level_leakage",
    "protocol": "combined",
    "residual_rms": 0.1640305024164147,
    "weighted_rmse": 0.2573170868337862,
    "z_total_error": -0.11798635826025206
  },
  "robustness_summary": [
    {
      "count": 12,
      "protocol": "wait_only",
      "scenario": "shot_only",
      "weighted_rmse_max": 0.01236693176905225,
      "weighted_rmse_mean": 0.009929543768698382,
      "weighted_rmse_median": 0.009849897781777812,
      "weighted_rmse_min": 0.007618538102971003,
      "weighted_rmse_std": 0.001301322322380271
    },
    {
      "count": 12,
      "protocol": "wait_only",
      "scenario": "rotation_error",
      "weighted_rmse_max": 0.013973866527514929,
      "weighted_rmse_mean": 0.010073210120996675,
      "weighted_rmse_median": 0.009777143181169427,
      "weighted_rmse_min": 0.00449625264602898,
      "weighted_rmse_std": 0.002509502821335038
    },
    {
      "count": 12,
      "protocol": "wait_only",
      "scenario": "displacement_error",
      "weighted_rmse_max": 0.01569210699073498,