{
  "500ns": {
    "duration_ns": 500,
    "status": "complete",
    "n_cav": 12,
    "steps": 125,
    "dt_ns": 4.000000000000002,
    "maxiter": 250,
    "engine_requested": "jax",
    "engine_resolved": "jax",
    "jax_available": true,
    "jax_device": null,
    "seed_rows": [
      {
        "seed": 17,
        "elapsed_s": 57.47446209999907,
        "nominal_fidelity": 0.9914687437135097,
        "replay_fidelity": 0.8906478349809376,
        "replay_leakage_average": 0.12189424813995275,
        "replay_leakage_worst": 0.18847775705529524,
        "success": false,
        "message": "STOP: TOTAL NO. OF ITERATIONS REACHED LIMIT"
      },
      {
        "seed": 42,
        "elapsed_s": 50.96137479999743,
        "nominal_fidelity": 0.9995504626181115,
        "replay_fidelity": 0.9636877422070477,
        "replay_leakage_average": 0.03127684440112424,
        "replay_leakage_worst": 0.05765605387185346,
        "success": false,
        "message": "STOP: TOTAL NO. OF ITERATIONS REACHED LIMIT"
      },
      {
        "seed": 73,
        "elapsed_s": 25.32860449999862,
        "nominal_fidelity": 0.9954082826855758,
        "replay_fidelity": 0.8212035538448499,
        "replay_leakage_average": 0.17122406229021508,
        "replay_leakage_worst": 0.19828835167331116,
        "success": false,
        "message": "STOP: TOTAL NO. OF ITERATIONS REACHED LIMIT"
      }
    ],
    "best_seed": 42,
    "best_nominal_fidelity": 0.9995504626181115,
    "best_replay_fidelity": 0.9636877422070477,
    "best_replay_leakage_worst": 0.05765605387185346,
    "open_process": {
      "process_fidelity": 0.9128913434438019,
      "mean_probe_leakage": 0.03374998787482841,
      "max_probe_leakage": 0.0605052411952165,
      "mean_basis_state_fidelity": 0.9237478867625043,
      "min_basis_state_fidelity": 0.8811770069783205
    },
    "artifact_path": "C:\\Users\\dazzl\\Box\\Shyam Shankar Quantum Circuits Group\\Users\\Users_JianJun\\cqed_based_study\\studies\\cluster_state_holographic_unified\\artifacts\\grape_frontier_nc12_500ns_best.npz"
  },
  "600ns": {
    "duration_ns": 600,
    "status": "complete",
    "n_cav": 12,
    "steps": 150,
    "dt_ns": 4.0,
    "maxiter": 250,
    "engine_requested": "jax",
    "engine_resolved": "jax",
    "jax_available": true,
    "jax_device": null,
    "seed_rows": [
      {
        "seed": 17,
        "elapsed_s": 30.05932980000216,
        "nominal_fidelity": 0.99911222568152,
        "replay_fidelity": 0.9516690578759285,
        "replay_leakage_average": 0.034519501321146895,
        "replay_leakage_worst": 0.06290359414134805,
        "success": false,
        "message": "STOP: TOTAL NO. OF ITERATIONS REACHED LIMIT"
      },
      {
        "seed": 42,
        "elapsed_s": 31.494628899992676,
        "nominal_fidelity": 0.9922516795932522,
        "replay_fidelity": 0.9651548396371812,
        "replay_leakage_average": 0.03639910581402778,
        "replay_leakage_worst": 0.07537897024686457,
        "success": false,
        "message": "STOP: TOTAL NO. OF ITERATIONS REACHED LIMIT"
      },
      {
        "seed": 73,
        "elapsed_s": 30.97032359999139,
        "nominal_fidelity": 0.9981737881394643,
        "replay_fidelity": 0.911619708045878,
        "replay_leakage_average": 0.12799391623938722,
        "replay_leakage_worst": 0.14456905332447267,
        "success": false,
        "message": "STOP: TOTAL NO. OF ITERATIONS REACHED LIMIT"
      }
    ],
    "best_seed": 42,
    "best_nominal_fidelity": 0.9922516795932522,
    "best_replay_fidelity": 0.9651548396371812,
    "best_replay_leakage_worst": 0.07537897024686457,
    "open_process": {
      "process_fidelity": 0.9097130931849078,
      "mean_probe_leakage": 0.043704343159347625,
      "max_probe_leakage": 0.0828295927359588,
      "mean_basis_state_fidelity": 0.9215061023799112,
      "min_basis_state_fidelity": 0.877351949821948
    },
    "artifact_path": "C:\\Users\\dazzl\\Box\\Shyam Shankar Quantum Circuits Group\\Users\\Users_JianJun\\cqed_based_study\\studies\\cluster_state_holographic_unified\\artifacts\\grape_frontier_nc12_600ns_best.npz"
  },
  "800ns": {
    "duration_ns": 800,
    "status": "complete",
    "n_cav": 12,
    "steps": 200,
    "dt_ns": 4.000000000000001,
    "maxiter": 250,
    "engine_requested": "jax",
    "engine_resolved": "jax",
    "jax_available": true,
    "jax_device": null,
    "seed_rows": [
      {
        "seed": 17,
        "elapsed_s": 35.73952499999723,
        "nominal_fidelity": 0.9938337286761705,
        "replay_fidelity": 0.9345704342738533,
        "replay_leakage_average": 0.06706378588436696,
        "replay_leakage_worst": 0.1075010890524688,
        "success": false,
        "message": "STOP: TOTAL NO. OF ITERATIONS REACHED LIMIT"
      },
      {
        "seed": 42,
        "elapsed_s": 37.06827939998766,
        "nominal_fidelity": 0.9973855824051043,
        "replay_fidelity": 0.9764448105849705,
        "replay_leakage_average": 0.03155449244430464,
        "replay_leakage_worst": 0.0436229695374748,
        "success": false,
        "message": "STOP: TOTAL NO. OF ITERATIONS REACHED LIMIT"
      },
      {
        "seed": 73,
        "elapsed_s": 41.64857449999545,
        "nominal_fidelity": 0.9996952853003924,
        "replay_fidelity": 0.7639424141019562,
        "replay_leakage_average": 0.2098199811298056,
        "replay_leakage_worst": 0.318134316232607,
        "success": false,
        "message": "STOP: TOTAL NO. OF ITERATIONS REACHED LIMIT"
      }
    ],
    "best_seed": 42,
    "best_nominal_fidelity": 0.9973855824051043,
    "best_replay_fidelity": 0.9764448105849705,
    "best_replay_leakage_worst": 0.0436229695374748,
    "open_process": {
      "process_fidelity": 0.9194734501746775,
      "mean_probe_leakage": 0.04811488445252321,
      "max_probe_leakage": 0.06291696212920561,
      "mean_basis_state_fidelity": 0.9260116652044124,
      "min_basis_state_fidelity": 0.9088596955774692
    },
    "artifact_path": "C:\\Users\\dazzl\\Box\\Shyam Shankar Quantum Circuits Group\\Users\\Users_JianJun\\cqed_based_study\\studies\\cluster_state_holographic_unified\\artifacts\\grape_frontier_nc12_800ns_best.npz"
  },
  "1000ns": {
    "duration_ns": 1000,
    "status": "complete",
    "n_cav": 12,
    "steps": 250,
    "dt_ns": 4.000000000000003,
    "maxiter": 250,
    "engine_requested": "jax",
    "engine_resolved": "jax",
    "jax_available": true,
    "jax_device": null,
    "seed_rows": [
      {
        "seed": 17,
        "elapsed_s": 71.15849040000467,
        "nominal_fidelity": 0.99812968539898,
        "replay_fidelity": 0.8790505031319045,
        "replay_leakage_average": 0.13118952483382265,
        "replay_leakage_worst": 0.16427328151355047,
        "success": false,
        "message": "STOP: TOTAL NO. OF ITERATIONS REACHED LIMIT"
      },
      {
        "seed": 42,
        "elapsed_s": 48.87429199999315,
        "nominal_fidelity": 0.9988112144692766,
        "replay_fidelity": 0.9714318151249663,
        "replay_leakage_average": 0.045474763629087284,
        "replay_leakage_worst": 0.0929663447532747,
        "success": false,
        "message": "STOP: TOTAL NO. OF ITERATIONS REACHED LIMIT"
      },
      {
        "seed": 73,
        "elapsed_s": 45.439422200011904,
        "nominal_fidelity": 0.9995042003634353,
        "replay_fidelity": 0.9362142318135819,
        "replay_leakage_average": 0.05714991026737451,
        "replay_leakage_worst": 0.07853317927258519,
        "success": false,
        "message": "STOP: TOTAL NO. OF ITERATIONS REACHED LIMIT"
      }
    ],
    "best_seed": 42,
    "best_nominal_fidelity": 0.9988112144692766,
    "best_replay_fidelity": 0.9714318151249663,
    "best_replay_leakage_worst": 0.0929663447532747,
    "open_process": {
      "process_fidelity": 0.9022342822907883,
      "mean_probe_leakage": 0.06713208577087923,
      "max_probe_leakage": 0.11610220514954417,
      "mean_basis_state_fidelity": 0.9133183710515582,