{
  "best_echo_construction_tuned": {
    "analytic_amplitude_ratio": NaN,
    "analytic_delta_rad_s": NaN,
    "analytic_equal_amplitude_residual": NaN,
    "analytic_k_value": NaN,
    "analytic_l_value": NaN,
    "analytic_phase_difference_rad": NaN,
    "analytic_x_value": NaN,
    "analytic_zeta_0": NaN,
    "analytic_zeta_1": NaN,
    "best_fit_block_phase_rms_rad": NaN,
    "best_fit_restricted_process_fidelity": NaN,
    "case_id": "chi_only_equal_angle_aligned_x_tuned_na2_chiT0p7151483265621014",
    "chi_t_over_2pi": 0.7151483265621014,
    "construction": "echo_finite_manifold_aware_multitone",
    "corrections_vector": NaN,
    "duration_ns": 251.8127910429934,
    "duration_s": 2.518127910429934e-07,
    "echo_half_duration_ns": 125.9063955214967,
    "echo_pi_duration_ns": 80.0,
    "echo_total_duration_ns": 411.8127910429934,
    "extension_scope": "echo_followup",
    "family": "equal_angle_aligned_x_tuned",
    "half_corrections_vector": [
      -0.7496536778572503,
      0.7496536778572503,
      -0.05832996205586307,
      1.4733746510241112
    ],
    "include_chi_prime": false,
    "leakage_outside_target_max": NaN,
    "leakage_outside_target_mean": NaN,
    "max_residual_z_error_rad": 0.7172409432514921,
    "max_transverse_error_rad": 1.7697316188828527,
    "mean_block_average_gate_fidelity": 0.5842204543420955,
    "mean_residual_z_error_rad": 0.46557712536768653,
    "mean_transverse_error_rad": 1.7425171179681955,
    "model_variant": "chi_only",
    "n_active": 2,
    "n_optimizer_history": NaN,
    "optimization_message": NaN,
    "optimization_success": NaN,
    "other_target_population_max": NaN,
    "other_target_population_mean": NaN,
    "per_block_actual_rotvec_z_rad": [
      -0.8917680818186492,
      0.137358804312609
    ],
    "per_block_average_gate_fidelities": [
      0.5718529960534663,
      0.5965879126307245
    ],
    "per_block_process_fidelities": [
      0.3577794940801994,
      0.3948818689460868
    ],
    "per_block_residual_z_error_rad": [
      0.7172409432514921,
      0.21391330748388093
    ],
    "per_block_rotation_angle_errors_rad": [
      0.6717708409939489,
      1.2936878182709957
    ],
    "per_block_rotation_axis_errors_rad": [
      1.697135302782253,
      2.3987972816589225
    ],
    "per_block_transverse_error_rad": [
      1.7153026170535384,
      1.7697316188828527
    ],
    "refocus_average_gate_fidelity": 0.20327910602624638,
    "refocus_corrections_vector": [
      0.7496536721630671,
      0.6656765500341605,
      0.46770190699038594,
      1.2275400288566982
    ],
    "refocus_process_fidelity": 0.0040988825328079955,
    "refocusing_convention": "manifold_aware_multitone_square",
    "restricted_average_gate_fidelity": 0.47992503296585654,
    "restricted_fro_error": 0.9279258237427376,
    "restricted_process_fidelity": 0.34990629120732064,
    "same_block_population_mean": NaN,
    "same_block_population_min": NaN,
    "seed": null,
    "uncorrected_restricted_process_fidelity": NaN,
    "weighted_loss": NaN,
    "worst_block_average_gate_fidelity": 0.5718529960534663
  },
  "checkpoint_rows_count": 8,
  "date_created": "2026-04-06T19:56:12Z",
  "description": "Headline summary for the extension pass results.",
  "echo_rows_count": 10,
  "load_instructions": "Load `extension_summary.json` as JSON and inspect the documented result rows and metadata.",
  "off_tuned_mean_fidelity": 0.43210518561118283,
  "off_tuned_mean_max_residual_z_error_rad": 1.3564679191854179,
  "runtime_s": 47.56423659995198,
  "selected_tuned_root": {
    "chi_t_over_2pi": 0.7151483265621014,
    "description": "Nontrivial equal-angle aligned-x tuned root solving x cos(x) - sin(x) = 0.",
    "x_root": 4.493409457909064
  },
  "study_name": "multitone_sqr_no_go_decoupled_echo_dispersive_cqed",
  "tuned_full_shared_line": {
    "analytic_amplitude_ratio": -5.001355752555031,
    "analytic_delta_rad_s": 17844246.272390027,
    "analytic_equal_amplitude_residual": 2.9055480668614177e-08,
    "analytic_k_value": 6.821434817869657e-08,
    "analytic_l_value": 3.915886751008239e-08,
    "analytic_phase_difference_rad": 2.0983453591598162,
    "analytic_x_value": 4.493409457909064,
    "analytic_zeta_0": -4622957.630036892,
    "analytic_zeta_1": 641778.2747929202,
    "best_fit_block_phase_rms_rad": 0.6316002337384764,
    "best_fit_restricted_process_fidelity": 0.3444256709724678,
    "case_id": "chi_only_equal_angle_aligned_x_tuned_na2_chiT0p7151483265621014",
    "chi_t_over_2pi": 0.7151483265621014,
    "construction": "full_shared_line",
    "corrections_vector": [
      -0.7499180628193992,
      0.7499291411492116,
      0.7754164577064144,
      -1.3229289014534018
    ],
    "duration_ns": 251.8127910429934,
    "duration_s": 2.518127910429934e-07,
    "extension_scope": "exact_checkpoint",
    "family": "equal_angle_aligned_x_tuned",
    "include_chi_prime": false,
    "leakage_outside_target_max": 0.0,
    "leakage_outside_target_mean": 0.0,
    "max_residual_z_error_rad": 1.382402356082089,
    "max_transverse_error_rad": 1.7253270830835332,
    "mean_block_average_gate_fidelity": 0.5756678578133532,
    "mean_residual_z_error_rad": 0.7023910348578529,
    "mean_transverse_error_rad": 1.6223516006644165,
    "model_variant": "chi_only",
    "n_active": 2,
    "n_optimizer_history": 551.0,
    "optimization_message": "Optimization terminated successfully.",
    "optimization_success": true,
    "other_target_population_max": 0.0,
    "other_target_population_mean": 0.0,
    "per_block_actual_rotvec_z_rad": [
      -0.02639042511876181,
      -1.8135147267656158
    ],
    "per_block_average_gate_fidelities": [
      0.6837444065361279,
      0.46759130909057833
    ],
    "per_block_process_fidelities": [
      0.525616609804192,
      0.2013869636358675
    ],
    "per_block_residual_z_error_rad": [
      0.022379713633616807,
      1.382402356082089
    ],
    "per_block_rotation_angle_errors_rad": [
      1.5129384243734312,
      0.24323269416010085
    ],
    "per_block_rotation_axis_errors_rad": [
      0.47558803981408937,
      1.5472504982318638
    ],
    "per_block_transverse_error_rad": [
      1.5193761182452996,
      1.7253270830835332
    ],
    "reduced_vs_full_restricted_average_gate_fidelity": NaN,
    "reduced_vs_full_restricted_process_fidelity": NaN,
    "restricted_average_gate_fidelity": 0.42698646151278996,
    "restricted_fro_error": 0.9968317964085045,
    "restricted_process_fidelity": 0.2837330768909875,
    "same_block_population_mean": 1.0000002507990067,
    "same_block_population_min": 1.0000002463469397,
    "seed": null,
    "source_case": NaN,
    "uncorrected_restricted_process_fidelity": 0.2837330768909875,
    "weighted_loss": 0.8123319929799238,
    "worst_block_average_gate_fidelity": 0.46759130909057833
  }
}