{
  "best_full_case": {
    "best_fit_block_phase_rms_rad": 0.010485180288926565,
    "best_fit_restricted_process_fidelity": 0.7573298829365489,
    "case_id": "chi_only_structured_xy_na2_chiT3p0",
    "chi_t_over_2pi": 3.0,
    "construction": "full_shared_line",
    "corrections_vector": [
      0.7496536775819173,
      -0.7496536775576004,
      -1.2989162692512355,
      0.6564125093807549
    ],
    "duration_ns": 1056.3380281690138,
    "duration_s": 1.0563380281690138e-06,
    "echo_half_duration_ns": NaN,
    "echo_pi_duration_ns": NaN,
    "echo_total_duration_ns": NaN,
    "family": "structured_xy",
    "include_chi_prime": false,
    "leakage_outside_target_max": 0.0,
    "leakage_outside_target_mean": 0.0,
    "magnus_vs_full_restricted_average_gate_fidelity": NaN,
    "magnus_vs_full_restricted_process_fidelity": NaN,
    "max_residual_z_error_rad": 0.024253756482163307,
    "max_transverse_error_rad": 1.2149012024951702,
    "mean_block_average_gate_fidelity": 0.8398342797364642,
    "mean_residual_z_error_rad": 0.016106453573248105,
    "mean_transverse_error_rad": 1.0115356455989963,
    "model_variant": "chi_only",
    "n_active": 2,
    "n_optimizer_history": 124.0,
    "optimization_message": "Optimization terminated successfully.",
    "optimization_success": true,
    "other_target_population_max": 0.0,
    "other_target_population_mean": 0.0,
    "per_block_actual_rotvec_z_rad": [
      -0.005289030649212284,
      0.024265442986178894
    ],
    "per_block_average_gate_fidelities": [
      0.8969330570172351,
      0.7827355024556931
    ],
    "per_block_process_fidelities": [
      0.8453995855258527,
      0.6741032536835396
    ],
    "per_block_residual_z_error_rad": [
      0.007959150664332901,
      0.024253756482163307
    ],
    "per_block_rotation_angle_errors_rad": [
      0.8043322422338952,
      1.1983705203478496
    ],
    "per_block_rotation_axis_errors_rad": [
      0.8049154314184274,
      1.1771632483500447
    ],
    "per_block_transverse_error_rad": [
      0.8081700887028223,
      1.2149012024951702
    ],
    "reduced_vs_full_restricted_average_gate_fidelity": NaN,
    "reduced_vs_full_restricted_process_fidelity": NaN,
    "restricted_average_gate_fidelity": 0.8058307095109563,
    "restricted_fro_error": 0.5095086733195759,
    "restricted_process_fidelity": 0.7572883868886953,
    "same_block_population_mean": 1.0000028742080076,
    "same_block_population_min": 1.000002855386621,
    "seed": NaN,
    "source_case": NaN,
    "uncorrected_restricted_process_fidelity": 0.7572883868886953,
    "weighted_loss": 0.2907472878296797,
    "worst_block_average_gate_fidelity": 0.7827355024556931
  },
  "date_created": "2026-04-06T07:31:55Z",
  "decoupled_block_mean_fidelity": 1.0,
  "decoupled_block_min_fidelity": 0.9999999999999998,
  "description": "Headline summary for the strict no-detuning multitone-SQR study.",
  "finite_echo_mean_fidelity": 0.3365848227436639,
  "ideal_echo_mean_fidelity": 0.2017930927784207,
  "load_instructions": "Load `study_summary.json` as JSON and inspect the documented result rows and metadata.",
  "random_family_mean_fidelity": 0.44541711808463547,
  "strict_shared_line_best_fidelity": 0.8058307095109563,
  "strict_shared_line_mean_best_fit_block_gauge": 0.5430658837523868,
  "strict_shared_line_mean_fidelity": 0.6093979067486708,
  "strict_shared_line_mean_max_residual_z_error_rad": 0.12775562691281578,
  "strict_shared_line_worst_fidelity": 0.3010567470620616,
  "study_name": "multitone_sqr_no_go_decoupled_echo_dispersive_cqed",
  "worst_full_case": {
    "best_fit_block_phase_rms_rad": 0.1492125710994213,
    "best_fit_restricted_process_fidelity": 0.18748191390850363,
    "case_id": "chi_plus_chiprime_random_xy_na3_chiT5p0_seed6202",
    "chi_t_over_2pi": 5.0,
    "construction": "full_shared_line",
    "corrections_vector": [
      0.7482206380655366,
      0.7464542651675782,
      0.7485539714151813,
      -1.207316751544177,
      0.020492549522476047,
      -0.9884718962004645
    ],
    "duration_ns": 1760.5633802816897,
    "duration_s": 1.7605633802816898e-06,
    "echo_half_duration_ns": NaN,
    "echo_pi_duration_ns": NaN,
    "echo_total_duration_ns": NaN,
    "family": "random_xy",
    "include_chi_prime": true,
    "leakage_outside_target_max": 0.0,
    "leakage_outside_target_mean": 0.0,
    "magnus_vs_full_restricted_average_gate_fidelity": NaN,
    "magnus_vs_full_restricted_process_fidelity": NaN,
    "max_residual_z_error_rad": 0.343461248088216,
    "max_transverse_error_rad": 2.451004434883801,
    "mean_block_average_gate_fidelity": 0.46570917073446133,
    "mean_residual_z_error_rad": 0.11780350756578267,
    "mean_transverse_error_rad": 2.2282876509406346,
    "model_variant": "chi_plus_chiprime",
    "n_active": 3,
    "n_optimizer_history": 182.0,
    "optimization_message": "Optimization terminated successfully.",
    "optimization_success": true,
    "other_target_population_max": 0.0,
    "other_target_population_mean": 0.0,
    "per_block_actual_rotvec_z_rad": [
      -0.017459225946045043,
      0.00784461262998109,
      0.4980950024767189
    ],
    "per_block_average_gate_fidelities": [
      0.409709608232864,
      0.4299241093978337,
      0.5574937945726862
    ],
    "per_block_process_fidelities": [
      0.114564412349296,
      0.14488616409675056,
      0.3362406918590294
    ],
    "per_block_residual_z_error_rad": [
      0.002676382862560628,
      0.007272891746571419,
      0.343461248088216
    ],
    "per_block_rotation_angle_errors_rad": [
      2.4404190371307166,
      2.355463095547141,
      1.371553590588542
    ],
    "per_block_rotation_axis_errors_rad": [
      0.9987196317174867,
      0.7987190988725328,
      1.549211389744973
    ],
    "per_block_transverse_error_rad": [
      2.451004434883801,
      2.3606088784486827,
      1.8732496394894202
    ],
    "reduced_vs_full_restricted_average_gate_fidelity": NaN,
    "reduced_vs_full_restricted_process_fidelity": NaN,
    "restricted_average_gate_fidelity": 0.3010567470620616,
    "restricted_fro_error": 1.0709107024608222,
    "restricted_process_fidelity": 0.18456620490573858,
    "same_block_population_mean": 1.0000053161823883,
    "same_block_population_min": 1.000005243910597,
    "seed": 6202.0,
    "source_case": NaN,
    "uncorrected_restricted_process_fidelity": 0.18456620490573858,
    "weighted_loss": 0.974281445364604,
    "worst_block_average_gate_fidelity": 0.409709608232864
  }
}