{
  "summary": {
    "study": "simultaneous_multitone_sqr_design",
    "angles_over_pi": [
      0.125,
      0.25,
      0.5,
      1.0
    ],
    "chi_t_values": [
      1.0,
      2.0,
      3.0,
      5.0
    ],
    "representative_rows": [
      {
        "case_name": "pair_adjacent",
        "label": "Pair (0,1)",
        "chi_t": 3.0,
        "theta_over_pi": [
          0.125,
          0.25,
          0.5,
          1.0
        ],
        "reduced_fidelity": [
          0.9809693662971355,
          0.9267746817083001,
          0.7499939262935529,
          0.5000000060960175
        ],
        "strict_fidelity": [
          0.9758657474769453,
          0.9204559098274755,
          0.7242345501145667,
          0.24771268705054098
        ],
        "compiled_fidelity": [
          0.9771683526323267,
          0.921683198567232,
          0.7251789355166685,
          0.24777843785391823
        ],
        "target_theta_sim_over_pi": [
          2.7878283736797746e-05,
          5.564205074363972e-05,
          0.00011079022374120238,
          0.00022009403099272013
        ],
        "target_theta_ratio": [
          0.00022302626989438197,
          0.00022256820297455887,
          0.00022158044748240476,
          0.00022009403099272013
        ]
      },
      {
        "case_name": "pair_separated",
        "label": "Pair (0,2)",
        "chi_t": 3.0,
        "theta_over_pi": [
          0.125,
          0.25,
          0.5,
          1.0
        ],
        "reduced_fidelity": [
          0.9809690818223149,
          0.9267736679381289,
          0.7499912836718716,
          0.5000000031033339
        ],
        "strict_fidelity": [
          0.9758795900543542,
          0.9205094163493854,
          0.7244094297597661,
          0.24794006587217252
        ],
        "compiled_fidelity": [
          0.9771822593907667,
          0.9217378237176773,
          0.7253707947195897,
          0.24820483396750054
        ],
        "target_theta_sim_over_pi": [
          2.654635345614878e-05,
          5.2873027216277585e-05,
          0.0001059382754272267,
          0.00021005461089526476
        ],
        "target_theta_ratio": [
          0.00021237082764919023,
          0.00021149210886511034,
          0.0002118765508544534,
          0.00021005461089526476
        ]
      },
      {
        "case_name": "triple_low",
        "label": "Triple (0,1,2)",
        "chi_t": 3.0,
        "theta_over_pi": [
          0.125,
          0.25,
          0.5,
          1.0
        ],
        "reduced_fidelity": [
          0.9714528673692132,
          0.8901582495916135,
          0.6249801476460699,
          0.2500001276370907
        ],
        "strict_fidelity": [
          0.9664040577738056,
          0.884327035003016,
          0.6050564834210774,
          0.06157369524403315
        ],
        "compiled_fidelity": [
          0.9676991019893143,
          0.8855258163780726,
          0.605912371427547,
          0.061573232944199766
        ],
        "target_theta_sim_over_pi": [
          3.968342183906185e-05,
          7.930280141144742e-05,
          0.0001581269631578574,
          0.000313205441462321
        ],
        "target_theta_ratio": [
          0.0003174673747124948,
          0.0003172112056457897,
          0.0003162539263157148,
          0.000313205441462321
        ]
      },
      {
        "case_name": "all_four",
        "label": "All four",
        "chi_t": 3.0,
        "theta_over_pi": [
          0.125,
          0.25,
          0.5,
          1.0
        ],
        "reduced_fidelity": [
          0.9619355341816769,
          0.8535376782396522,
          0.49995493505083666,
          3.8678603619946017e-07
        ],
        "strict_fidelity": [
          0.957020479918936,
          0.8490416104292113,
          0.4969572741281655,
          3.8303130506481674e-07
        ],
        "compiled_fidelity": [
          0.9582979946735748,
          0.8501749841891415,
          0.49762065172252096,
          3.8354437900186735e-07
        ],
        "target_theta_sim_over_pi": [
          5.0642999233924134e-05,
          0.00010114548437371313,
          0.0002010402612665807,
          0.00039569440368584374
        ],
        "target_theta_ratio": [
          0.00040514399387139307,
          0.0004045819374948525,
          0.0004020805225331614,
          0.00039569440368584374
        ]
      }
    ],
    "max_compiled_gain": {
      "gain": 0.0014669959192419313,
      "case_name": "pair_separated",
      "chi_t": 1.0,
      "theta_over_pi": 0.125
    },
    "amplitude_scan_peak_reduced_fidelity": 0.5000000700533713,
    "multistart_best_reduced_fidelity": 0.5000004006997361,
    "multistart_best_strict_fidelity": 0.23199671393180246,
    "qutrit_spotcheck_max_leakage": 7.080742737599513e-09,
    "segmented_rows": [
      {
        "case_name": "pair_adjacent",
        "chi_t": 3.0,
        "step_theta_over_pi": 0.125,
        "n_steps": 8,
        "small_step_strict_fidelity": 0.9758657474769453,
        "small_step_compiled_fidelity": 0.9771683526323267,
        "direct_pi_strict_fidelity": 0.24771268705054098,
        "direct_pi_compiled_fidelity": 0.24777843785391823,
        "segmented_operator_fidelity": 0.1545687885808303,
        "note": "Segmented fidelity is computed by composing the corrected restricted logical operator and does not include additional qutrit leakage accumulation."
      },
      {
        "case_name": "triple_low",
        "chi_t": 3.0,
        "step_theta_over_pi": 0.125,
        "n_steps": 8,
        "small_step_strict_fidelity": 0.9664040577738056,
        "small_step_compiled_fidelity": 0.9676991019893143,
        "direct_pi_strict_fidelity": 0.06157369524403315,
        "direct_pi_compiled_fidelity": 0.061573232944199766,
        "segmented_operator_fidelity": 0.03111021972426742,
        "note": "Segmented fidelity is computed by composing the corrected restricted logical operator and does not include additional qutrit leakage accumulation."
      }
    ],
    "main_takeaway": "For the common Gaussian multitone family studied here, the simultaneous waveform acts almost like identity on each branch: target-branch simulated angles stay at O(10^-4) rad even when the requested rotation is O(1) rad. Small-angle fidelity is therefore mostly trivial identity overlap, not successful simultaneous control. Cavity-only compilation gives only modest gains, and simple waveform corrections do not rescue the hard regime."
  },
  "amplitude_scan": {
    "case_name": "pair_adjacent",
    "chi_t": 3.0,
    "theta_over_pi": 1.0,
    "scales": [
      -1.5,
      -1.25,
      -1.0,
      -0.75,
      -0.5,
      -0.25,
      0.0,
      0.25,
      0.5,
      0.75,
      1.0,
      1.25,
      1.5,
      1.75,
      2.0,
      2.25,
      2.5,
      2.75,
      3.0
    ],
    "reduced_fidelity": [
      0.5000000015527521,
      0.5000000004048656,
      0.5,
      0.5000000004048656,
      0.5000000015527521,
      0.50000000343617,
      0.5000000060960175,
      0.5000000095966604,
      0.5000000136109576,
      0.5000000180362278,
      0.5000000234470879,
      0.5000000286253056,
      0.50000003475138,
      0.5000000411307985,
      0.5000000466260216,
      0.5000000530361421,
      0.500000059807787,
      0.5000000640608105,
      0.5000000700533713
    ],
    "target_mean": [
      3.029440553654289e-08,
      7.641300970523208e-09,
      0.0,
      7.641300970523208e-09,
      3.029440553654289e-08,
      6.776625643063478e-08,
      1.1954863787159083e-07,
      1.8529949065051786e-07,
      2.629143650254692e-07,
      3.525978113300655e-07,
      4.529444784049773e-07,
      5.607186386214732e-07,
      6.770815836988633e-07,
      7.975079105630934e-07,
      9.211716068949222e-07,
      1.0467714153936216e-06,
      1.1715322087405902e-06,
      1.2898623833052073e-06,
      1.4052155362243034e-06
    ],