{
  "rows": [
    {
      "construction": "native_direct_strict",
      "mean": 0.9897799141859179,
      "std": 0.017436246303369256
    },
    {
      "construction": "reduced_unitary_direct",
      "mean": 0.9897951681527329,
      "std": 0.017414248366457684
    }
  ]
}